,,,,,,,Playing Time,Playing Time,Playing Time,Playing Time,Performance,Performance,Performance,Performance,Performance,Performance,Performance,Per 90 Minutes,Per 90 Minutes,Per 90 Minutes,Per 90 Minutes,Per 90 Minutes,Expected,Expected,Expected,Expected,Per 90 Minutes,Per 90 Minutes,Per 90 Minutes,Per 90 Minutes,Per 90 Minutes,,#NAME?
Rk,Player,Nation,Pos,Squad,Age,Born,MP,Starts,Min,90s,Gls,Ast,G-PK,PK,PKatt,CrdY,CrdR,Gls,Ast,G+A,G-PK,G+A-PK,xG,npxG,xA,npxG+xA,xG,xA,xG+xA,npxG,npxG+xA,Matches,-9999
1,Max Aarons,eng ENG,DF,Norwich City,21,2000,34,32,2881,32,0,2,0,0,0,8,0,0,0.06,0.06,0,0.06,0.7,0.7,1.4,2.1,0.02,0.04,0.07,0.02,0.07,Matches,774cf58b
2,Che Adams,sct SCO,FW,Southampton,25,1996,30,23,2039,22.7,7,3,7,0,0,0,0,0.31,0.13,0.44,0.31,0.44,7.1,7.1,2.6,9.7,0.31,0.12,0.43,0.31,0.43,Matches,f2bf1b0f
3,Rayan A√Øt Nouri,fr FRA,DF,Wolves,20,2001,23,20,1828,20.3,1,2,1,0,0,4,0,0.05,0.1,0.15,0.05,0.15,0.7,0.7,1.3,2.1,0.04,0.07,0.1,0.04,0.1,Matches,9b398aea
4,Kristoffer Ajer,no NOR,DF,Brentford,23,1998,24,23,1995,22.2,1,3,1,0,0,5,0,0.05,0.14,0.18,0.05,0.18,0.8,0.8,1.4,2.2,0.04,0.06,0.1,0.04,0.1,Matches,a8c0acb7
5,Nathan Ak√©,nl NED,DF,Manchester City,26,1995,14,10,923,10.3,2,0,2,0,0,0,0,0.2,0,0.2,0.2,0.2,1.1,1.1,0.5,1.6,0.11,0.05,0.16,0.11,0.16,Matches,eaeca114
6,Marc Albrighton,eng ENG,FWDF,Leicester City,31,1989,17,11,1132,12.6,1,2,1,0,0,3,0,0.08,0.16,0.24,0.08,0.24,0.5,0.5,1.7,2.2,0.04,0.13,0.18,0.04,0.18,Matches,b827d5b3
7,Thiago Alc√°ntara,es ESP,MF,Liverpool,30,1991,25,17,1534,17,1,4,1,0,0,2,0,0.06,0.23,0.29,0.06,0.29,1.8,1.8,2.3,4.2,0.11,0.14,0.25,0.11,0.25,Matches,77e84962
8,Trent Alexander-Arnold,eng ENG,DF,Liverpool,22,1998,32,32,2853,31.7,2,12,2,0,0,2,0,0.06,0.38,0.44,0.06,0.44,2.7,2.7,11.2,13.9,0.08,0.35,0.44,0.08,0.44,Matches,cd1acf9d
9,Alisson,br BRA,GK,Liverpool,28,1992,36,36,3240,36,0,1,0,0,0,0,0,0,0.03,0.03,0,0.03,0,0,0.4,0.4,0,0.01,0.01,0,0.01,Matches,7a2e46a8
10,Allan,br BRA,MF,Everton,30,1991,28,25,2183,24.3,0,2,0,0,0,7,1,0,0.08,0.08,0,0.08,0.2,0.2,0.9,1.1,0.01,0.04,0.04,0.01,0.04,Matches,cc700722
11,Dele Alli,eng ENG,MFFW,Tottenham,25,1996,10,8,657,7.3,1,0,0,1,1,1,0,0.14,0,0.14,0,0,1.5,0.7,0.8,1.5,0.2,0.11,0.31,0.1,0.21,Matches,cea4ee8f
12,Dele Alli,eng ENG,MF,Everton,25,1996,11,1,338,3.8,0,0,0,0,0,3,0,0,0,0,0,0,0.1,0.1,0.3,0.4,0.02,0.09,0.11,0.02,0.11,Matches,cea4ee8f
13,Miguel Almir√≥n,py PAR,MFFW,Newcastle Utd,27,1994,30,19,1716,19.1,1,0,1,0,0,2,0,0.05,0,0.05,0.05,0.05,2.1,2.1,0.7,2.7,0.11,0.03,0.14,0.11,0.14,Matches,862a1c15
14,Marcos Alonso,es ESP,DF,Chelsea,30,1990,28,25,2167,24.1,4,4,4,0,0,8,0,0.17,0.17,0.33,0.17,0.33,3.3,3.3,4.6,7.9,0.14,0.19,0.33,0.14,0.33,Matches,f4290206
15,Steven Alzate,co COL,MF,Brighton,22,1998,9,5,404,4.5,0,0,0,0,0,0,0,0,0,0,0,0,0.1,0.1,0.2,0.3,0.02,0.04,0.06,0.02,0.06,Matches,ad1f61f3
16,Daniel Amartey,gh GHA,DF,Leicester City,26,1994,28,23,2123,23.6,0,0,0,0,0,4,0,0,0,0,0,0,0,0,0.2,0.2,0,0.01,0.01,0,0.01,Matches,1a4ef233
17,Joachim Andersen,dk DEN,DF,Crystal Palace,25,1996,34,32,2916,32.4,0,3,0,0,0,4,0,0,0.09,0.09,0,0.09,0.6,0.6,1.8,2.3,0.02,0.05,0.07,0.02,0.07,Matches,e34fc66d
18,Michail Antonio,jm JAM,FW,West Ham,31,1990,36,34,2971,33,10,8,10,0,1,8,1,0.3,0.24,0.55,0.3,0.55,11.1,10.8,6.6,17.5,0.34,0.2,0.54,0.33,0.53,Matches,ac05f970
19,Cameron Archer,eng ENG,MFFW,Aston Villa,19,2001,3,0,27,0.3,0,0,0,0,0,0,0,0,0,0,0,0,0,0,0,0,0.07,0,0.07,0.07,0.07,Matches,05e8ca6d
20,Alphonse Areola,fr FRA,GK,West Ham,28,1993,1,1,90,1,0,0,0,0,0,0,0,0,0,0,0,0,0,0,0,0,0,0,0,0,0,Matches,2f965a72
21,Adam Armstrong,eng ENG,FW,Southampton,24,1997,23,17,1413,15.7,2,2,2,0,0,1,0,0.13,0.13,0.25,0.13,0.25,4.3,4.3,1.7,6,0.27,0.11,0.38,0.27,0.38,Matches,68c720b5
22,Stuart Armstrong,sct SCO,MF,Southampton,29,1992,25,15,1473,16.4,2,0,2,0,0,1,0,0.12,0,0.12,0.12,0.12,2.8,2.8,1.4,4.1,0.17,0.08,0.25,0.17,0.25,Matches,97333cf5
23,Kepa Arrizabalaga,es ESP,GK,Chelsea,26,1994,4,4,360,4,0,0,0,0,0,0,0,0,0,0,0,0,0,0,0,0,0,0,0,0,0,Matches,28d596a0
24,Harrison Ashby,sct SCO,DF,West Ham,19,2001,1,0,7,0.1,0,0,0,0,0,0,0,0,0,0,0,0,0,0,0,0,0,0,0,0,0,Matches,b391383a
25,Pierre-Emerick Aubameyang,ga GAB,FW,Arsenal,32,1989,14,12,1037,11.5,4,1,4,0,2,3,0,0.35,0.09,0.43,0.35,0.43,5.8,4.1,0.8,5,0.5,0.07,0.57,0.36,0.43,Matches,d5dd5f1f
26,Jordan Ayew,gh GHA,FW,Crystal Palace,29,1991,31,23,2019,22.4,3,3,3,0,0,2,0,0.13,0.13,0.27,0.13,0.27,3.7,3.7,2.3,6.1,0.17,0.1,0.27,0.17,0.27,Matches,da052c14
27,Luke Ayling,eng ENG,DF,Leeds United,29,1991,26,26,2272,25.2,2,2,2,0,0,4,1,0.08,0.08,0.16,0.08,0.16,1.6,1.6,0.8,2.4,0.06,0.03,0.1,0.06,0.1,Matches,420d7c7d
28,C√©sar Azpilicueta,es ESP,DF,Chelsea,31,1989,27,24,2070,23,1,2,1,0,0,3,0,0.04,0.09,0.13,0.04,0.13,1.2,1.2,2.1,3.3,0.05,0.09,0.14,0.05,0.14,Matches,53cad200
29,Daniel Bachmann,at AUT,GK,Watford,27,1994,12,12,1080,12,0,0,0,0,0,0,0,0,0,0,0,0,0,0,0,0,0,0,0,0,0,Matches,1c0eea98
30,Leon Bailey,jm JAM,FWMF,Aston Villa,23,1997,18,7,761,8.5,1,2,1,0,0,3,0,0.12,0.24,0.35,0.12,0.35,1.6,1.6,0.6,2.2,0.19,0.07,0.26,0.19,0.26,Matches,3a233281
31,Eric Bailly,ci CIV,DF,Manchester Utd,27,1994,4,3,217,2.4,0,0,0,0,0,1,0,0,0,0,0,0,0,0,0,0,0,0,0,0,0,Matches,a1232f4e
32,Folarin Balogun,eng ENG,FW,Arsenal,20,2001,2,1,70,0.8,0,0,0,0,0,0,0,0,0,0,0,0,0.3,0.3,0,0.3,0.35,0,0.35,0.35,0.35,Matches,31822f8c
33,Patrick Bamford,eng ENG,FW,Leeds United,27,1993,9,7,559,6.2,2,2,2,0,0,2,0,0.32,0.32,0.64,0.32,0.64,3.9,3.9,1,4.9,0.63,0.15,0.78,0.63,0.78,Matches,93feac6e
34,Shandon Baptiste,gd GRN,MF,Brentford,23,1998,22,9,910,10.1,1,1,1,0,0,2,1,0.1,0.1,0.2,0.1,0.2,0.7,0.7,0.5,1.2,0.07,0.05,0.12,0.07,0.12,Matches,2886c9b5
35,Ross Barkley,eng ENG,MF,Chelsea,27,1993,6,1,179,2,1,0,1,0,0,0,0,0.5,0,0.5,0.5,0.5,1.2,1.2,0.7,1.9,0.6,0.33,0.94,0.6,0.94,Matches,3a24769f
36,Ashley Barnes,eng ENG,FW,Burnley,31,1989,23,8,808,9,1,0,0,1,1,4,0,0.11,0,0.11,0,0,1.8,1,1.6,2.6,0.2,0.18,0.38,0.11,0.29,Matches,2691c772
37,Harvey Barnes,eng ENG,FWMF,Leicester City,23,1997,32,24,2101,23.3,6,10,6,0,0,2,0,0.26,0.43,0.69,0.26,0.69,6.8,6.8,4,10.8,0.29,0.17,0.46,0.29,0.46,Matches,3ea50f67
38,Lewis Bate,eng ENG,MF,Leeds United,18,2002,3,1,146,1.6,0,0,0,0,0,0,0,0,0,0,0,0,0,0,0,0,0.01,0,0.01,0.01,0.01,Matches,cd4256d3
39,Mads Bech S√∏rensen,dk DEN,DF,Brentford,22,1999,11,9,835,9.3,0,0,0,0,0,3,0,0,0,0,0,0,0.1,0.1,0.4,0.5,0.01,0.04,0.05,0.01,0.05,Matches,30db8574
40,Jan Bednarek,pl POL,DF,Southampton,25,1996,31,30,2629,29.2,4,0,4,0,0,10,0,0.14,0,0.14,0.14,0.14,2.4,2.4,0.6,3,0.08,0.02,0.1,0.08,0.1,Matches,4115ce4e
41,Donny van de Beek,nl NED,MF,Manchester Utd,24,1997,8,0,75,0.8,1,0,1,0,0,0,0,1.2,0,1.2,1.2,1.2,0.7,0.7,0.5,1.2,0.88,0.58,1.46,0.88,1.46,Matches,50dc94ce
42,Donny van de Beek,nl NED,MF,Everton,24,1997,7,5,483,5.4,1,0,1,0,0,1,0,0.19,0,0.19,0.19,0.19,0.9,0.9,0.1,1,0.17,0.01,0.18,0.17,0.18,Matches,50dc94ce
43,Asmir Begoviƒá,ba BIH,GK,Everton,34,1987,3,3,270,3,0,0,0,0,0,0,0,0,0,0,0,0,0,0,0,0,0,0,0,0,0,Matches,7b4de647
44,Sa√Ød Benrahma,dz ALG,FWMF,West Ham,25,1995,32,26,2168,24.1,8,6,8,0,0,0,0,0.33,0.25,0.58,0.33,0.58,5.1,5.1,3.2,8.3,0.21,0.13,0.35,0.21,0.35,Matches,5a04fd92
45,Rodrigo Bentancur,uy URU,MF,Tottenham,24,1997,17,16,1361,15.1,0,4,0,0,0,5,0,0,0.26,0.26,0,0.26,0.9,0.9,2.3,3.2,0.06,0.15,0.21,0.06,0.21,Matches,3b8674e6
46,Christian Benteke,be BEL,FW,Crystal Palace,30,1990,25,11,1145,12.7,4,1,4,0,0,3,0,0.31,0.08,0.39,0.31,0.39,5.4,5.4,1.1,6.5,0.42,0.09,0.51,0.42,0.51,Matches,ab070c55
47,J√≥hann Berg Gu√∞mundsson,is ISL,MF,Burnley,30,1990,18,13,1102,12.2,0,1,0,0,0,2,0,0,0.08,0.08,0,0.08,1.7,1.7,0.3,2,0.14,0.03,0.16,0.14,0.16,Matches,f72293fc
48,Steven Bergwijn,nl NED,FWMF,Tottenham,23,1997,25,4,565,6.3,3,1,3,0,0,1,0,0.48,0.16,0.64,0.48,0.64,3.1,3.1,0.7,3.7,0.49,0.11,0.59,0.49,0.59,Matches,a29b1131
49,Ryan Bertrand,eng ENG,DF,Leicester City,31,1989,4,4,337,3.7,0,0,0,0,0,1,0,0,0,0,0,0,0,0,0.3,0.3,0,0.08,0.08,0,0.08,Matches,1226327
50,Mads Bidstrup,dk DEN,MF,Brentford,20,2001,4,0,41,0.5,0,0,0,0,0,0,0,0,0,0,0,0,0,0,0,0,0,0,0,0,0,Matches,407db0d5
51,Yves Bissouma,ml MLI,MF,Brighton,24,1996,26,25,2111,23.5,1,2,1,0,0,10,0,0.04,0.09,0.13,0.04,0.13,0.9,0.9,0.8,1.7,0.04,0.03,0.07,0.04,0.07,Matches,6c203af0
52,Willy Boly,ci CIV,DF,Wolves,30,1991,10,10,900,10,0,0,0,0,0,1,0,0,0,0,0,0,0.2,0.2,0.1,0.3,0.02,0.01,0.03,0.02,0.03,Matches,a4ac4b8f
53,Jarrod Bowen,eng ENG,FW,West Ham,24,1996,36,34,2983,33.1,12,10,12,0,0,6,0,0.36,0.3,0.66,0.36,0.66,11.1,11.1,5.7,16.8,0.34,0.17,0.51,0.34,0.51,Matches,79c84d1c
54,Jarrad Branthwaite,eng ENG,DF,Everton,19,2002,6,4,388,4.3,1,0,1,0,0,0,1,0.23,0,0.23,0.23,0.23,0.4,0.4,0,0.4,0.1,0,0.1,0.1,0.1,Matches,c1949191
55,Armando Broja,al ALB,FW,Southampton,19,2001,32,21,1975,21.9,6,0,6,0,0,2,0,0.27,0,0.27,0.27,0.27,7,7,1.3,8.4,0.32,0.06,0.38,0.32,0.38,Matches,97220da2
56,Josh Brownhill,eng ENG,MF,Burnley,25,1995,35,32,2955,32.8,2,3,2,0,0,10,0,0.06,0.09,0.15,0.06,0.15,1.4,1.4,2.5,3.9,0.04,0.08,0.12,0.04,0.12,Matches,47369df8
57,Lewis Brunt,eng ENG,MF,Leicester City,20,2000,1,0,24,0.3,0,0,0,0,0,0,0,0,0,0,0,0,0,0,0,0,0,0,0,0,0,Matches,a2081c6b
58,Bryan,es ESP,FWMF,Tottenham,20,2001,9,0,94,1,0,0,0,0,0,0,0,0,0,0,0,0,0,0,0.1,0.1,0.03,0.07,0.1,0.03,0.1,Matches,7b5ab7f2
59,Emi Buend√≠a,ar ARG,FWMF,Aston Villa,24,1996,35,22,1899,21.1,4,6,4,0,0,1,0,0.19,0.28,0.47,0.19,0.47,3.1,3.1,5.5,8.6,0.14,0.26,0.41,0.14,0.41,Matches,66b76d44
60,Dan Burn,eng ENG,DF,Newcastle Utd,29,1992,16,16,1440,16,0,1,0,0,0,4,0,0,0.06,0.06,0,0.06,0.5,0.5,0.1,0.6,0.03,0.01,0.04,0.03,0.04,Matches,b2d31e83
61,Dan Burn,eng ENG,DF,Brighton,29,1992,13,12,1022,11.4,1,0,1,0,0,4,0,0.09,0,0.09,0.09,0.09,1.3,1.3,0,1.3,0.11,0,0.12,0.11,0.12,Matches,b2d31e83
62,Jack Butland,eng ENG,GK,Crystal Palace,28,1993,9,8,765,8.5,0,0,0,0,0,0,0,0,0,0,0,0,0,0,0,0,0,0,0,0,0,Matches,cc70a1d5
63,Sam Byram,eng ENG,DF,Norwich City,27,1993,15,11,1027,11.4,0,0,0,0,0,3,0,0,0,0,0,0,0.9,0.9,0.2,1.1,0.08,0.02,0.1,0.08,0.1,Matches,1bf811d4
64,Willy Caballero,ar ARG,GK,Southampton,39,1981,2,2,180,2,0,0,0,0,0,1,0,0,0,0,0,0,0,0,0,0,0,0,0,0,0,Matches,a179d516
65,Mois√©s Caicedo,ec ECU,MF,Brighton,19,2001,8,8,660,7.3,1,1,1,0,0,2,0,0.14,0.14,0.27,0.14,0.27,0.8,0.8,0.4,1.1,0.1,0.05,0.16,0.1,0.16,Matches,16264a81
66,Dominic Calvert-Lewin,eng ENG,FW,Everton,24,1997,17,15,1283,14.3,5,2,3,2,3,2,0,0.35,0.14,0.49,0.21,0.35,6.8,4.6,1.8,6.4,0.48,0.13,0.61,0.32,0.45,Matches,59e6e5bf
67,Chem Campbell,wls WAL,MF,Wolves,18,2002,1,0,13,0.1,0,0,0,0,0,0,0,0,0,0,0,0,0,0,0,0,0,0,0,0,0,Matches,6f711f67
68,Jo√£o Cancelo,pt POR,DF,Manchester City,27,1994,36,36,3227,35.9,1,7,1,0,0,7,0,0.03,0.2,0.22,0.03,0.22,4.1,4.1,5.1,9.3,0.12,0.14,0.26,0.12,0.26,Matches,bd6351cd
69,Sergi Can√≥s,es ESP,DF,Brentford,24,1997,31,25,2083,23.1,3,2,3,0,0,8,1,0.13,0.09,0.22,0.13,0.22,3,3,1.9,4.9,0.13,0.08,0.21,0.13,0.21,Matches,1137759d
70,Todd Cantwell,eng ENG,FWMF,Norwich City,23,1998,8,5,441,4.9,0,0,0,0,0,2,0,0,0,0,0,0,0.2,0.2,0.2,0.4,0.03,0.04,0.07,0.03,0.07,Matches,f63d8a4b
71,Matty Cash,pl POL,DF,Aston Villa,23,1997,38,38,3377,37.5,4,3,4,0,0,8,0,0.11,0.08,0.19,0.11,0.19,2.4,2.4,1.9,4.4,0.07,0.05,0.12,0.07,0.12,Matches,2389cdc2
72,Timothy Castagne,be BEL,DF,Leicester City,25,1995,27,22,2127,23.6,1,0,1,0,0,1,0,0.04,0,0.04,0.04,0.04,0.8,0.8,1.3,2.1,0.03,0.05,0.09,0.03,0.09,Matches,197640fd
73,Jonny Castro,es ESP,DF,Wolves,27,1994,13,10,1024,11.4,2,0,2,0,0,1,0,0.18,0,0.18,0.18,0.18,0.8,0.8,1.2,2,0.07,0.1,0.17,0.07,0.17,Matches,e28868f3
74,Craig Cathcart,nir NIR,DF,Watford,32,1989,31,27,2396,26.6,0,1,0,0,0,3,0,0,0.04,0.04,0,0.04,0.1,0.1,0.3,0.5,0,0.01,0.02,0,0.02,Matches,89e4b358
75,Edinson Cavani,uy URU,FW,Manchester Utd,34,1987,15,7,766,8.5,2,1,2,0,0,0,0,0.23,0.12,0.35,0.23,0.35,3.4,3.4,1.4,4.7,0.39,0.16,0.55,0.39,0.55,Matches,527f063d
76,Kayky Chagas,br BRA,FW,Manchester City,18,2003,1,0,7,0.1,0,0,0,0,0,0,0,0,0,0,0,0,0,0,0,0,0,0,0,0,0,Matches,17734ea0
77,Trevoh Chalobah,eng ENG,DF,Chelsea,22,1999,20,17,1449,16.1,3,1,3,0,0,2,0,0.19,0.06,0.25,0.19,0.25,1,1,0.2,1.2,0.06,0.01,0.08,0.06,0.08,Matches,5515376c
78,Calum Chambers,eng ENG,DF,Arsenal,26,1995,2,2,170,1.9,0,0,0,0,0,0,0,0,0,0,0,0,0.1,0.1,0.1,0.1,0.05,0.03,0.07,0.05,0.07,Matches,dc6f5bdd
79,Calum Chambers,eng ENG,DF,Aston Villa,26,1995,11,9,831,9.2,1,0,1,0,0,1,0,0.11,0,0.11,0.11,0.11,0.2,0.2,0.1,0.4,0.02,0.01,0.04,0.02,0.04,Matches,dc6f5bdd
80,Daniel Chesters,eng ENG,MF,West Ham,19,2002,1,0,1,0,0,0,0,0,0,0,0,0,0,0,0,0,0,0,0,0,0,0,0,0,0,Matches,240c8ab6
81,Ben Chilwell,eng ENG,DF,Chelsea,24,1996,7,6,542,6,3,1,3,0,0,0,0,0.5,0.17,0.66,0.5,0.66,1.2,1.2,0.9,2.1,0.19,0.15,0.34,0.19,0.34,Matches,d2424d1b
82,Chiquinho,pt POR,DFMF,Wolves,21,2000,8,1,208,2.3,0,3,0,0,0,0,0,0,1.3,1.3,0,1.3,0.3,0.3,0.6,0.9,0.13,0.27,0.41,0.13,0.41,Matches,dc6c2f02
83,Hamza Choudhury,eng ENG,DFMF,Leicester City,23,1997,6,4,285,3.2,0,0,0,0,0,1,0,0,0,0,0,0,0,0,0,0,0.01,0,0.01,0.01,0.01,Matches,7d2d3329
84,Andreas Christensen,dk DEN,DF,Chelsea,25,1996,19,17,1496,16.6,0,0,0,0,0,2,0,0,0,0,0,0,0.4,0.4,0.2,0.7,0.03,0.01,0.04,0.03,0.04,Matches,1cb49278
85,Carney Chukwuemeka,eng ENG,MFFW,Aston Villa,17,2004,12,2,301,3.3,0,1,0,0,0,0,0,0,0.3,0.3,0,0.3,0.6,0.6,1,1.5,0.17,0.29,0.46,0.17,0.46,Matches,b2f9c73e
86,Ciaran Clark,ie IRL,DF,Newcastle Utd,31,1989,13,12,1014,11.3,0,1,0,0,0,2,1,0,0.09,0.09,0,0.09,0.8,0.8,0.3,1.1,0.07,0.03,0.1,0.07,0.1,Matches,2b91cf8e
87,Tom Cleverley,eng ENG,MF,Watford,31,1989,28,20,1616,18,0,2,0,0,0,2,0,0,0.11,0.11,0,0.11,0.8,0.8,2,2.9,0.05,0.11,0.16,0.05,0.16,Matches,6cdd8245
88,Nathaniel Clyne,eng ENG,DF,Crystal Palace,30,1991,16,15,1351,15,0,1,0,0,0,1,0,0,0.07,0.07,0,0.07,0.1,0.1,0.5,0.6,0.01,0.03,0.04,0.01,0.04,Matches,0442183b
89,Conor Coady,eng ENG,DF,Wolves,28,1993,38,38,3361,37.3,4,0,4,0,0,4,0,0.11,0,0.11,0.11,0.11,2,2,0,2,0.05,0,0.05,0.05,0.05,Matches,2928dca2
90,S√©amus Coleman,ie IRL,DF,Everton,32,1988,30,30,2656,29.5,1,0,1,0,0,4,0,0.03,0,0.03,0.03,0.03,1,1,1.1,2.1,0.03,0.04,0.07,0.03,0.07,Matches,0420d84f
91,Nathan Collins,ie IRL,DF,Burnley,20,2001,19,18,1670,18.6,2,0,2,0,0,2,1,0.11,0,0.11,0.11,0.11,1.6,1.6,0.9,2.5,0.08,0.05,0.14,0.08,0.14,Matches,a8c19eb8
92,Aaron Connolly,ie IRL,FW,Brighton,21,2000,4,1,156,1.7,0,0,0,0,0,0,0,0,0,0,0,0,0.5,0.5,0.4,0.8,0.26,0.2,0.47,0.26,0.47,Matches,27c01749
93,Liam Cooper,sct SCO,DF,Leeds United,29,1991,21,21,1814,20.2,0,1,0,0,0,5,0,0,0.05,0.05,0,0.05,0.3,0.3,0.1,0.4,0.02,0,0.02,0.02,0.02,Matches,dc64b8b3
94,Jack Cork,eng ENG,MF,Burnley,32,1989,20,20,1670,18.6,1,0,1,0,0,4,0,0.05,0,0.05,0.05,0.05,0.8,0.8,0.1,0.9,0.04,0.01,0.05,0.04,0.05,Matches,74e12f1e
95,Maxwel Cornet,ci CIV,FWMF,Burnley,24,1996,26,21,1766,19.6,9,1,9,0,1,2,0,0.46,0.05,0.51,0.46,0.51,6.7,5.9,1.5,7.4,0.34,0.07,0.42,0.3,0.38,Matches,beb391dd
96,H√©lder Costa,ao ANG,MF,Leeds United,27,1994,1,0,22,0.2,0,0,0,0,0,0,0,0,0,0,0,0,0,0,0,0,0.11,0,0.11,0.11,0.11,Matches,f13d02a6
97,Vladim√≠r Coufal,cz CZE,DF,West Ham,28,1992,28,25,2209,24.5,0,4,0,0,0,5,1,0,0.16,0.16,0,0.16,0.6,0.6,2.4,3,0.02,0.1,0.12,0.02,0.12,Matches,fdf3cb77
98,Philippe Coutinho,br BRA,MFFW,Aston Villa,29,1992,19,16,1329,14.8,5,3,5,0,0,0,0,0.34,0.2,0.54,0.34,0.54,3.7,3.7,3.2,6.9,0.25,0.22,0.47,0.25,0.47,Matches,0ef89a37
99,Aaron Cresswell,eng ENG,DF,West Ham,31,1989,31,31,2726,30.3,2,3,2,0,0,3,0,0.07,0.1,0.17,0.07,0.17,1.1,1.1,3.2,4.3,0.04,0.11,0.14,0.04,0.14,Matches,4f974391
100,Charlie Cresswell,eng ENG,DF,Leeds United,18,2002,5,1,141,1.6,0,0,0,0,0,1,0,0,0,0,0,0,0.1,0.1,0,0.1,0.05,0,0.05,0.05,0.05,Matches,4654e5f5
101,Cucho,co COL,FWMF,Watford,22,1999,25,11,1147,12.7,5,2,5,0,0,3,0,0.39,0.16,0.55,0.39,0.55,2.5,2.5,1.9,4.4,0.2,0.15,0.35,0.2,0.35,Matches,71b47ab9
102,Marc Cucurella,es ESP,DF,Brighton,23,1998,35,35,3089,34.3,1,1,1,0,0,6,0,0.03,0.03,0.06,0.03,0.06,0.7,0.7,2.7,3.4,0.02,0.08,0.1,0.02,0.1,Matches,1daec722
103,Luke Cundle,eng ENG,MF,Wolves,19,2002,4,2,180,2,0,0,0,0,0,0,0,0,0,0,0,0,0,0,0.2,0.2,0,0.12,0.12,0,0.12,Matches,cc3b8e78
104,Patson Daka,zm ZAM,FW,Leicester City,22,1998,23,13,1159,12.9,5,3,5,0,0,2,0,0.39,0.23,0.62,0.39,0.62,4.7,4.7,1.8,6.5,0.36,0.14,0.51,0.36,0.51,Matches,ca45605e
105,Stuart Dallas,nir NIR,DFMF,Leeds United,30,1991,34,34,2919,32.4,1,1,1,0,0,5,0,0.03,0.03,0.06,0.03,0.06,2,2,2.4,4.3,0.06,0.07,0.13,0.06,0.13,Matches,67ca8566
106,Diogo Dalot,pt POR,DF,Manchester Utd,22,1999,24,19,1801,20,0,0,0,0,0,4,0,0,0,0,0,0,0.7,0.7,1,1.7,0.03,0.05,0.08,0.03,0.08,Matches,d9565625
107,Karl Darlow,eng ENG,GK,Newcastle Utd,30,1990,8,8,720,8,0,0,0,0,0,1,0,0,0,0,0,0,0,0,0,0,0,0,0,0,0,Matches,cde3309f
108,Josh Dasilva,eng ENG,MFFW,Brentford,22,1998,9,2,257,2.9,0,0,0,0,0,0,1,0,0,0,0,0,0,0,0.1,0.2,0.02,0.04,0.05,0.02,0.05,Matches,60344e4f
109,Ben Davies,wls WAL,DF,Tottenham,28,1993,29,28,2538,28.2,1,1,1,0,0,6,0,0.04,0.04,0.07,0.04,0.07,1.8,1.8,0.6,2.3,0.06,0.02,0.08,0.06,0.08,Matches,44781702
110,Tom Davies,eng ENG,MF,Everton,23,1998,6,2,234,2.6,1,0,1,0,0,1,0,0.38,0,0.38,0.38,0.38,0.9,0.9,0,0.9,0.35,0,0.35,0.35,0.35,Matches,9228b07c
111,Keinan Davis,eng ENG,FW,Aston Villa,23,1998,1,0,12,0.1,0,0,0,0,0,0,0,0,0,0,0,0,0,0,0,0,0,0,0,0,0,Matches,9deaf2c8
112,Craig Dawson,eng ENG,DF,West Ham,31,1990,34,30,2754,30.6,2,2,2,0,0,5,1,0.07,0.07,0.13,0.07,0.13,2.9,2.9,0.5,3.3,0.09,0.01,0.11,0.09,0.11,Matches,3e9e06cb
113,Kevin De Bruyne,be BEL,MF,Manchester City,30,1991,30,25,2201,24.5,15,8,15,0,0,2,0,0.61,0.33,0.94,0.61,0.94,6.4,6.4,9.5,15.9,0.26,0.39,0.65,0.26,0.65,Matches,e46012d4
114,Troy Deeney,eng ENG,FW,Watford,33,1988,2,0,25,0.3,0,0,0,0,0,0,0,0,0,0,0,0,0.4,0.4,0.1,0.5,1.45,0.32,1.77,1.45,1.77,Matches,82e34b69
115,Liam Delap,eng ENG,FW,Manchester City,18,2003,1,0,10,0.1,0,0,0,0,0,0,0,0,0,0,0,0,0,0,0,0,0,0,0,0,0,Matches,dd897ee7
116,Fabian Delph,eng ENG,MF,Everton,31,1989,11,8,662,7.4,0,0,0,0,0,2,0,0,0,0,0,0,0,0,0.1,0.1,0.01,0.01,0.02,0.01,0.02,Matches,111c3236
117,Leander Dendoncker,be BEL,MF,Wolves,26,1995,30,21,1950,21.7,2,2,2,0,0,4,0,0.09,0.09,0.18,0.09,0.18,2.6,2.6,1,3.6,0.12,0.05,0.16,0.12,0.16,Matches,5a7301ae
118,Emmanuel Dennis,ng NGA,FWMF,Watford,23,1997,33,30,2581,28.7,10,6,10,0,0,9,1,0.35,0.21,0.56,0.35,0.56,7.5,7.5,3.2,10.7,0.26,0.11,0.37,0.26,0.37,Matches,2c44a35d
119,Kiernan Dewsbury Hall,eng ENG,MF,Leicester City,22,1998,28,23,2105,23.4,1,3,1,0,0,4,0,0.04,0.13,0.17,0.04,0.17,1.3,1.3,3,4.3,0.06,0.13,0.18,0.06,0.18,Matches,5c74c0f5
120,Ibrahima Diallo,fr FRA,MF,Southampton,22,1999,23,10,1023,11.4,0,2,0,0,0,1,0,0,0.18,0.18,0,0.18,0.5,0.5,1,1.4,0.04,0.09,0.13,0.04,0.13,Matches,11ff3d56
121,Raphael Dias Belloli,br BRA,FWMF,Leeds United,24,1996,35,34,2915,32.4,11,3,7,4,4,7,0,0.34,0.09,0.43,0.22,0.31,11.2,8.2,6.8,15,0.35,0.21,0.56,0.25,0.46,Matches,3423f250
122,R√∫ben Dias,pt POR,DF,Manchester City,24,1997,29,27,2402,26.7,2,4,2,0,0,5,0,0.07,0.15,0.22,0.07,0.22,2.2,2.2,2.4,4.6,0.08,0.09,0.17,0.08,0.17,Matches,31c69ef1
123,Luis D√≠az,co COL,FW,Liverpool,24,1997,13,11,958,10.6,4,3,4,0,0,0,0,0.38,0.28,0.66,0.38,0.66,4.5,4.5,1.8,6.3,0.42,0.17,0.59,0.42,0.59,Matches,4a1a9578
124,Eric Dier,eng ENG,DF,Tottenham,27,1994,35,35,3071,34.1,0,0,0,0,0,1,0,0,0,0,0,0,1,1,1.4,2.4,0.03,0.04,0.07,0.03,0.07,Matches,ac861941
125,Lucas Digne,fr FRA,DF,Aston Villa,28,1993,16,16,1269,14.1,0,4,0,0,0,2,0,0,0.28,0.28,0,0.28,0.6,0.6,2,2.6,0.04,0.14,0.18,0.04,0.18,Matches,1b84dbe1
126,Lucas Digne,fr FRA,DF,Everton,28,1993,13,13,1170,13,0,0,0,0,0,4,0,0,0,0,0,0,0.4,0.4,1.7,2.1,0.03,0.13,0.16,0.03,0.16,Matches,1b84dbe1
127,Virgil van Dijk,nl NED,DF,Liverpool,30,1991,34,34,3060,34,3,1,3,0,0,3,0,0.09,0.03,0.12,0.09,0.12,2.4,2.4,0.4,2.8,0.07,0.01,0.08,0.07,0.08,Matches,e06683ca
128,Issa Diop,fr FRA,DF,West Ham,24,1997,13,10,963,10.7,0,1,0,0,0,0,0,0,0.09,0.09,0,0.09,0.1,0.1,0.1,0.3,0.01,0.01,0.02,0.01,0.02,Matches,a712ca2b
129,Moussa Djenepo,ml MLI,MF,Southampton,23,1998,12,5,457,5.1,0,0,0,0,0,3,0,0,0,0,0,0,1.5,1.5,0.2,1.7,0.3,0.05,0.34,0.3,0.34,Matches,254147d4
130,Lewis Dobbin,eng ENG,FWMF,Everton,18,2003,3,0,32,0.4,0,0,0,0,0,1,0,0,0,0,0,0,0,0,0,0,0,0,0,0,0,Matches,e814e1cf
131,Matt Doherty,ie IRL,DF,Tottenham,29,1992,15,9,875,9.7,2,4,2,0,0,0,0,0.21,0.41,0.62,0.21,0.62,2.5,2.5,1.8,4.3,0.26,0.18,0.44,0.26,0.44,Matches,d557d734
132,Gabriel Dos Santos,br BRA,DF,Arsenal,23,1997,35,35,3063,34,5,0,5,0,0,8,1,0.15,0,0.15,0.15,0.15,2.7,2.7,0.8,3.5,0.08,0.02,0.1,0.08,0.1,Matches,67ac5bb8
133,Abdoulaye Doucour√©,ml MLI,MF,Everton,28,1993,30,29,2537,28.2,2,4,2,0,0,6,0,0.07,0.14,0.21,0.07,0.21,2.7,2.7,2.2,4.9,0.1,0.08,0.17,0.1,0.17,Matches,02b29014
134,Kieran Dowell,eng ENG,FWMF,Norwich City,23,1997,19,11,912,10.1,1,1,1,0,0,0,0,0.1,0.1,0.2,0.1,0.2,1.2,1.2,2,3.2,0.12,0.2,0.31,0.12,0.31,Matches,2f6ec02a
135,Cody Drameh,eng ENG,DF,Leeds United,19,2001,3,1,128,1.4,0,0,0,0,0,1,0,0,0,0,0,0,0,0,0,0,0,0.01,0.01,0,0.01,Matches,e0d1510a
136,Martin D√∫bravka,sk SVK,GK,Newcastle Utd,32,1989,26,26,2340,26,0,0,0,0,0,1,0,0,0,0,0,0,0,0,0.1,0.1,0,0,0,0,0,Matches,3a949a25
137,Shane Duffy,ie IRL,DF,Brighton,29,1992,18,15,1436,16,1,0,1,0,0,7,0,0.06,0,0.06,0.06,0.06,1.3,1.3,0.1,1.5,0.08,0.01,0.09,0.08,0.09,Matches,7314bba4
138,Paul Dummett,wls WAL,DF,Newcastle Utd,29,1991,3,2,198,2.2,0,0,0,0,0,2,0,0,0,0,0,0,0,0,0,0,0,0,0,0,0,Matches,3fe6bd8c
139,Lewis Dunk,eng ENG,DF,Brighton,29,1991,29,29,2573,28.6,1,0,1,0,0,3,1,0.03,0,0.03,0.03,0.03,1.2,1.2,0.2,1.4,0.04,0.01,0.05,0.04,0.05,Matches,282f75f3
140,Ederson,br BRA,GK,Manchester City,27,1993,37,37,3330,37,0,0,0,0,0,3,0,0,0,0,0,0,0,0,0.1,0.1,0,0,0,0,0,Matches,3bb7b8b4
141,Odsonne √âdouard,fr FRA,FW,Crystal Palace,23,1998,28,18,1564,17.4,6,3,5,1,1,4,0,0.35,0.17,0.52,0.29,0.46,6.9,6.1,2.3,8.4,0.4,0.13,0.53,0.35,0.49,Matches,0562b7f1
142,CJ Egan-Riley,eng ENG,DF,Manchester City,18,2003,1,0,4,0,0,0,0,0,0,0,0,0,0,0,0,0,0,0,0,0,0,0,0,0,0,Matches,d313e8ff
143,Anthony Elanga,se SWE,FW,Manchester Utd,19,2002,21,14,1214,13.5,2,2,2,0,0,0,0,0.15,0.15,0.3,0.15,0.3,3,3,1.8,4.8,0.22,0.14,0.35,0.22,0.35,Matches,2fba6108
144,Harvey Elliott,eng ENG,MF,Liverpool,18,2003,6,4,346,3.8,0,0,0,0,0,0,0,0,0,0,0,0,0.9,0.9,0.5,1.4,0.23,0.12,0.35,0.23,0.35,Matches,c8387671
145,Mohamed Elneny,eg EGY,MF,Arsenal,29,1992,14,8,806,9,0,2,0,0,0,1,0,0,0.22,0.22,0,0.22,0.2,0.2,0.6,0.7,0.02,0.06,0.08,0.02,0.08,Matches,47a34c4f
146,Mohamed Elyounoussi,no NOR,MFFW,Southampton,26,1994,30,23,2042,22.7,4,2,4,0,0,4,0,0.18,0.09,0.26,0.18,0.26,6,6,2.5,8.5,0.26,0.11,0.37,0.26,0.37,Matches,68dc0dac
147,Emerson,br BRA,DF,Tottenham,22,1999,31,26,2286,25.4,1,1,1,0,0,5,0,0.04,0.04,0.08,0.04,0.08,1.5,1.5,2.1,3.6,0.06,0.08,0.14,0.06,0.14,Matches,df8b52a5
148,Christian Eriksen,dk DEN,MF,Brentford,29,1992,11,10,939,10.4,1,4,1,0,0,1,0,0.1,0.38,0.48,0.1,0.48,1.4,1.4,3.6,5,0.14,0.34,0.48,0.14,0.48,Matches,980522ec
149,Oghenekaro Etebo,ng NGA,MF,Watford,25,1995,9,4,401,4.5,0,0,0,0,0,3,0,0,0,0,0,0,0,0,0.1,0.1,0.01,0.01,0.02,0.01,0.02,Matches,b579e83d
150,Jonny Evans,nir NIR,DF,Leicester City,33,1988,18,16,1348,15,1,1,1,0,0,3,0,0.07,0.07,0.13,0.07,0.13,0.7,0.7,0.6,1.3,0.05,0.04,0.09,0.05,0.09,Matches,f8fcd2a5
151,Eberechi Eze,eng ENG,MFFW,Crystal Palace,23,1998,13,6,605,6.7,1,1,1,0,0,1,0,0.15,0.15,0.3,0.15,0.3,0.5,0.5,0.9,1.4,0.08,0.13,0.21,0.08,0.21,Matches,ae4fc6a4
152,≈Åukasz Fabia≈Ñski,pl POL,GK,West Ham,36,1985,37,37,3330,37,0,0,0,0,0,2,0,0,0,0,0,0,0,0,0,0,0,0,0,0,0,Matches,9328b835
153,Fabinho,br BRA,MF,Liverpool,27,1993,29,26,2314,25.7,5,1,3,2,2,7,0,0.19,0.04,0.23,0.12,0.16,3.4,1.9,1.4,3.3,0.13,0.05,0.19,0.07,0.13,Matches,7f3b388c
154,Kiko Femen√≠a,es ESP,DF,Watford,30,1991,27,26,2142,23.8,0,5,0,0,0,2,0,0,0.21,0.21,0,0.21,0.1,0.1,3.2,3.3,0,0.14,0.14,0,0.14,Matches,e5d01ecf
155,Evan Ferguson,ie IRL,MF,Brighton,16,2004,1,0,23,0.3,0,0,0,0,0,0,0,0,0,0,0,0,0,0,0,0,0,0,0,0,0,Matches,4596da74
156,Nathan Ferguson,eng ENG,DF,Crystal Palace,20,2000,1,0,9,0.1,0,0,0,0,0,0,0,0,0,0,0,0,0,0,0,0,0,0,0,0,0,Matches,2f8d27bc
157,Bruno Fernandes,pt POR,MF,Manchester Utd,26,1994,36,35,3111,34.6,10,6,10,0,2,10,0,0.29,0.17,0.46,0.29,0.46,9.7,8.2,8.4,16.6,0.28,0.24,0.53,0.24,0.48,Matches,507c7bdf
158,√Ålvaro Fern√°ndez,es ESP,GK,Brentford,23,1998,12,12,1080,12,0,0,0,0,0,0,0,0,0,0,0,0,0,0,0,0,0,0,0,0,0,Matches,f127d782
159,Federico Fern√°ndez,ar ARG,DF,Newcastle Utd,32,1989,7,5,523,5.8,0,0,0,0,0,0,0,0,0,0,0,0,0.4,0.4,0.3,0.8,0.07,0.06,0.13,0.07,0.13,Matches,f25b010f
160,Fernandinho,br BRA,MFDF,Manchester City,36,1985,19,10,964,10.7,2,1,2,0,0,1,0,0.19,0.09,0.28,0.19,0.28,1.6,1.6,0.9,2.5,0.15,0.08,0.24,0.15,0.24,Matches,101da2b5
161,Roberto Firmino,br BRA,FW,Liverpool,29,1991,20,10,990,11,5,4,5,0,0,3,0,0.45,0.36,0.82,0.45,0.82,5,5,2.4,7.4,0.46,0.22,0.67,0.46,0.67,Matches,4c370d81
162,Junior Firpo,es ESP,DF,Leeds United,24,1996,24,19,1711,19,0,2,0,0,0,11,0,0,0.11,0.11,0,0.11,0.9,0.9,2.6,3.5,0.05,0.13,0.18,0.05,0.18,Matches,24f59bb2
163,Ashley Fletcher,eng ENG,FW,Watford,25,1995,3,0,30,0.3,0,0,0,0,0,0,0,0,0,0,0,0,0.4,0.4,0,0.4,1.16,0,1.16,1.16,1.16,Matches,eeb6551f
164,Phil Foden,eng ENG,FW,Manchester City,21,2000,28,24,2128,23.6,9,5,9,0,0,1,0,0.38,0.21,0.59,0.38,0.59,9.1,9.1,6.6,15.7,0.38,0.28,0.66,0.38,0.66,Matches,ed1e53f3
165,Wesley Fofana,fr FRA,DF,Leicester City,20,2000,7,7,630,7,0,0,0,0,0,2,0,0,0,0,0,0,0.2,0.2,0,0.3,0.03,0,0.04,0.03,0.04,Matches,132a82f1
166,Pablo Fornals,es ESP,FWMF,West Ham,25,1996,36,32,2795,31.1,6,3,6,0,0,4,0,0.19,0.1,0.29,0.19,0.29,5,5,5.6,10.6,0.16,0.18,0.34,0.16,0.34,Matches,82927de4
167,Adam Forshaw,eng ENG,MF,Leeds United,29,1991,22,17,1530,17,0,1,0,0,0,5,0,0,0.06,0.06,0,0.06,0.4,0.4,1.1,1.5,0.02,0.07,0.09,0.02,0.09,Matches,9f1938ab
168,Marcus Forss,fi FIN,FWMF,Brentford,22,1999,7,1,209,2.3,0,1,0,0,0,0,0,0,0.43,0.43,0,0.43,0.2,0.2,0,0.2,0.1,0,0.1,0.1,0.1,Matches,82c215a0
169,Fraser Forster,eng ENG,GK,Southampton,33,1988,19,19,1710,19,0,0,0,0,0,1,0,0,0,0,0,0,0,0,0,0,0,0,0,0,0,Matches,c3e39f12
170,Ben Foster,eng ENG,GK,Watford,38,1983,26,26,2340,26,0,1,0,0,0,0,0,0,0.04,0.04,0,0.04,0,0,0.2,0.2,0,0.01,0.01,0,0.01,Matches,d0b3ceb9
171,Tariqe Fosu,gh GHA,DF,Brentford,25,1995,1,0,17,0.2,0,0,0,0,0,0,0,0,0,0,0,0,0,0,0,0,0.16,0,0.16,0.16,0.16,Matches,3dcef539
172,Ryan Fraser,sct SCO,FWMF,Newcastle Utd,27,1994,27,18,1465,16.3,2,3,2,0,0,3,0,0.12,0.18,0.31,0.12,0.31,2.8,2.8,2.2,5.1,0.17,0.14,0.31,0.17,0.31,Matches,d56543a0
173,Fred,br BRA,MF,Manchester Utd,28,1993,28,24,2028,22.5,4,4,4,0,0,5,0,0.18,0.18,0.36,0.18,0.36,1.5,1.5,2,3.4,0.07,0.09,0.15,0.07,0.15,Matches,b853e0ad
174,Ryan Fredericks,eng ENG,DF,West Ham,28,1992,7,3,307,3.4,0,0,0,0,0,1,0,0,0,0,0,0,0,0,0.1,0.1,0,0.03,0.03,0,0.03,Matches,c067631c
175,Leo Fuhr Hjelde,no NOR,DF,Leeds United,17,2003,2,0,150,1.7,0,0,0,0,0,0,0,0,0,0,0,0,0,0,0,0,0,0.02,0.02,0,0.02,Matches,d102b8a2
176,Conor Gallagher,eng ENG,MF,Crystal Palace,21,2000,34,33,2845,31.6,8,3,8,0,0,10,0,0.25,0.09,0.35,0.25,0.35,5.8,5.8,3.5,9.3,0.18,0.11,0.29,0.18,0.29,Matches,c2731c10
177,Alejandro Garnacho,es ESP,FW,Manchester Utd,17,2004,2,0,13,0.1,0,0,0,0,0,0,0,0,0,0,0,0,0,0,0,0,0,0,0,0,0,Matches,7aa8adfe
178,Dwight Gayle,eng ENG,FW,Newcastle Utd,30,1990,8,0,38,0.4,0,0,0,0,0,1,0,0,0,0,0,0,0.3,0.3,0.5,0.8,0.71,1.19,1.89,0.71,1.89,Matches,e58a03c6
179,Jean-Philippe Gbamin,ci CIV,MF,Everton,25,1995,3,1,67,0.7,0,0,0,0,0,0,0,0,0,0,0,0,0,0,0,0,0,0,0,0,0,Matches,6bd603db
180,David de Gea,es ESP,GK,Manchester Utd,30,1990,38,38,3420,38,0,0,0,0,0,0,0,0,0,0,0,0,0,0,0,0,0,0,0,0,0,Matches,7ba6d84e
181,Joe Gelhardt,eng ENG,FWMF,Leeds United,19,2002,20,5,746,8.3,2,2,2,0,0,4,0,0.24,0.24,0.48,0.24,0.48,3.1,3.1,1.5,4.7,0.38,0.19,0.56,0.38,0.56,Matches,01962d0d
182,Anwar El Ghazi,nl NED,FWMF,Aston Villa,26,1995,9,4,386,4.3,1,1,0,1,1,2,0,0.23,0.23,0.47,0,0.23,1.1,0.3,0.4,0.7,0.25,0.09,0.33,0.07,0.16,Matches,ffa90327
183,Anwar El Ghazi,nl NED,FW,Everton,26,1995,2,0,13,0.1,0,0,0,0,0,0,0,0,0,0,0,0,0,0,0,0,0,0,0,0,0,Matches,ffa90327
184,Saman Ghoddos,ir IRN,DFMF,Brentford,27,1993,17,4,536,6,1,1,1,0,0,2,0,0.17,0.17,0.34,0.17,0.34,0.6,0.6,1.2,1.9,0.11,0.21,0.32,0.11,0.32,Matches,f7b1d4e0
185,Dimitris Giannoulis,gr GRE,DF,Norwich City,25,1995,18,14,1169,13,0,1,0,0,0,2,0,0,0.08,0.08,0,0.08,0.2,0.2,0.5,0.6,0.01,0.04,0.05,0.01,0.05,Matches,112c495e
186,Morgan Gibbs-White,eng ENG,FWMF,Wolves,21,2000,2,0,9,0.1,0,0,0,0,0,1,0,0,0,0,0,0,0.1,0.1,0,0.1,1.22,0,1.22,1.22,1.22,Matches,32f60ed8
187,Ben Gibson,eng ENG,DF,Norwich City,28,1993,28,28,2494,27.7,0,0,0,0,0,5,1,0,0,0,0,0,1.2,1.2,0,1.2,0.04,0,0.04,0.04,0.04,Matches,bcfb0142
188,Billy Gilmour,sct SCO,MF,Norwich City,20,2001,24,21,1855,20.6,0,1,0,0,0,2,0,0,0.05,0.05,0,0.05,1,1,2,3,0.05,0.1,0.14,0.05,0.14,Matches,df10e27c
189,Ben Godfrey,eng ENG,DF,Everton,23,1998,23,23,2029,22.5,0,0,0,0,0,6,0,0,0,0,0,0,1.1,1.1,0.7,1.9,0.05,0.03,0.08,0.05,0.08,Matches,9f7c837d
190,Andr√© Gomes,pt POR,MF,Everton,28,1993,14,7,619,6.9,0,1,0,0,0,3,0,0,0.15,0.15,0,0.15,0.7,0.7,0.2,0.9,0.1,0.03,0.13,0.1,0.13,Matches,1961b2aa
191,Toti Gomes,pt POR,DF,Wolves,22,1999,4,4,360,4,0,0,0,0,0,1,0,0,0,0,0,0,0.1,0.1,0,0.1,0.01,0,0.01,0.01,0.01,Matches,f0caab96
192,Joe Gomez,eng ENG,DF,Liverpool,24,1997,8,4,331,3.7,0,1,0,0,0,2,0,0,0.27,0.27,0,0.27,0,0,0.5,0.5,0,0.13,0.13,0,0.13,Matches,7a11550b
193,Charlie Goode,eng ENG,DF,Brentford,25,1995,6,4,450,5,0,0,0,0,0,3,0,0,0,0,0,0,0.1,0.1,0.3,0.5,0.03,0.07,0.1,0.03,0.1,Matches,7aee4dd3
194,Anthony Gordon,eng ENG,MFFW,Everton,20,2001,35,25,2285,25.4,4,2,4,0,0,4,0,0.16,0.08,0.24,0.16,0.24,3.4,3.4,3.3,6.7,0.13,0.13,0.26,0.13,0.26,Matches,2bd83368
195,Kaide Gordon,eng ENG,FW,Liverpool,16,2004,1,0,9,0.1,0,0,0,0,0,0,0,0,0,0,0,0,0.4,0.4,0,0.4,4.48,0,4.48,4.48,4.48,Matches,19a9cb70
196,Dan Gosling,eng ENG,MF,Watford,31,1990,4,2,166,1.8,1,0,1,0,0,0,0,0.54,0,0.54,0.54,0.54,0.2,0.2,0,0.2,0.1,0.01,0.11,0.1,0.11,Matches,7fec31a0
197,Demarai Gray,eng ENG,MFFW,Everton,25,1996,34,28,2338,26,5,4,5,0,0,3,0,0.19,0.15,0.35,0.19,0.35,4.5,4.5,4.3,8.8,0.17,0.16,0.34,0.17,0.34,Matches,4468ec10
198,Jack Grealish,eng ENG,FW,Manchester City,25,1995,26,22,1914,21.3,3,3,3,0,0,3,0,0.14,0.14,0.28,0.14,0.28,4.8,4.8,6.3,11.1,0.22,0.3,0.52,0.22,0.52,Matches,b0b4fd3e
199,Mason Greenwood,eng ENG,FWMF,Manchester Utd,19,2001,18,16,1271,14.1,5,1,5,0,0,1,0,0.35,0.07,0.42,0.35,0.42,4.4,4.4,1.6,6,0.31,0.11,0.42,0.31,0.42,Matches,58eee997
200,Sam Greenwood,eng ENG,MFFW,Leeds United,19,2002,7,1,237,2.6,0,2,0,0,0,0,0,0,0.76,0.76,0,0.76,0.4,0.4,0.7,1.1,0.14,0.28,0.42,0.14,0.42,Matches,f3354c07
201,Pascal Gro√ü,de GER,MFDF,Brighton,30,1991,29,24,2038,22.6,2,4,2,0,1,1,0,0.09,0.18,0.26,0.09,0.26,2.9,2.2,5.3,7.5,0.13,0.24,0.36,0.1,0.33,Matches,8aec0537
202,Vicente Guaita,es ESP,GK,Crystal Palace,34,1987,30,30,2655,29.5,0,0,0,0,0,2,0,0,0,0,0,0,0,0,0,0,0,0,0,0,0,Matches,ab13a5aa
203,Marc Gu√©hi,eng ENG,DF,Crystal Palace,21,2000,36,36,3222,35.8,2,1,2,0,0,4,0,0.06,0.03,0.08,0.06,0.08,1.9,1.9,0.5,2.4,0.05,0.01,0.07,0.05,0.07,Matches,d0706b27
204,Bruno Guimar√£es,br BRA,MF,Newcastle Utd,23,1997,17,11,1034,11.5,5,1,5,0,0,4,0,0.44,0.09,0.52,0.44,0.52,2.9,2.9,1.8,4.7,0.25,0.16,0.41,0.25,0.41,Matches,82518f62
205,ƒ∞lkay G√ºndoƒüan,de GER,MF,Manchester City,30,1990,27,20,1857,20.6,8,4,8,0,0,1,0,0.39,0.19,0.58,0.39,0.58,8.6,8.6,4.2,12.8,0.42,0.2,0.62,0.42,0.62,Matches,819b3158
206,Angus Gunn,eng ENG,GK,Norwich City,25,1996,9,9,810,9,0,0,0,0,0,0,0,0,0,0,0,0,0,0,0,0,0,0,0,0,0,Matches,e082af5b
207,Grant Hanley,sct SCO,DF,Norwich City,29,1991,33,33,2897,32.2,1,0,1,0,0,2,0,0.03,0,0.03,0.03,0.03,1.9,1.9,0.3,2.1,0.06,0.01,0.07,0.06,0.07,Matches,e9254eec
208,Jack Harrison,eng ENG,FWMF,Leeds United,24,1996,35,32,2639,29.3,8,1,8,0,0,3,0,0.27,0.03,0.31,0.27,0.31,4,4,2.6,6.6,0.14,0.09,0.22,0.14,0.22,Matches,aa849a12
209,Kortney Hause,eng ENG,DF,Aston Villa,26,1995,7,4,397,4.4,1,0,1,0,0,0,0,0.23,0,0.23,0.23,0.23,0.1,0.1,0,0.1,0.02,0,0.02,0.02,0.02,Matches,bf8fad51
210,Kai Havertz,de GER,FWMF,Chelsea,22,1999,29,22,1809,20.1,8,3,8,0,0,3,0,0.4,0.15,0.55,0.4,0.55,9.7,9.7,2,11.6,0.48,0.1,0.58,0.48,0.58,Matches,fed7cb61
211,Isaac Hayden,eng ENG,MFDF,Newcastle Utd,26,1995,14,12,1002,11.1,1,0,1,0,0,5,0,0.09,0,0.09,0.09,0.09,0.4,0.4,0.1,0.5,0.04,0.01,0.05,0.04,0.05,Matches,c951a6df
212,Hwang Hee-chan,kr KOR,FWMF,Wolves,25,1996,30,20,1816,20.2,5,1,5,0,0,2,0,0.25,0.05,0.3,0.25,0.3,4,4,1.7,5.7,0.2,0.08,0.28,0.2,0.28,Matches,169fd162
213,Jordan Henderson,eng ENG,MF,Liverpool,31,1990,35,29,2597,28.9,2,5,2,0,0,3,0,0.07,0.17,0.24,0.07,0.24,1.5,1.5,3.8,5.3,0.05,0.13,0.18,0.05,0.18,Matches,935e6b8f
214,Jeff Hendrick,ie IRL,MF,Newcastle Utd,29,1992,3,0,72,0.8,1,0,1,0,0,0,0,1.25,0,1.25,1.25,1.25,0,0,0,0.1,0.04,0.06,0.1,0.04,0.1,Matches,989d5705
215,Wayne Hennessey,wls WAL,GK,Burnley,34,1987,2,2,180,2,0,0,0,0,0,0,0,0,0,0,0,0,0,0,0.1,0.1,0,0.06,0.06,0,0.06,Matches,76eca7e2
216,Rico Henry,eng ENG,DF,Brentford,24,1997,34,33,2776,30.8,3,0,3,0,0,2,0,0.1,0,0.1,0.1,0.1,1.8,1.8,1.7,3.5,0.06,0.06,0.11,0.06,0.11,Matches,8a3c1dc7
217,Son Heung-min,kr KOR,FWMF,Tottenham,29,1992,35,35,3006,33.4,23,7,23,0,0,2,0,0.69,0.21,0.9,0.69,0.9,16.4,16.4,8.1,24.5,0.49,0.24,0.73,0.49,0.73,Matches,92e7e919
218,Ki-Jana Hoever,nl NED,DF,Wolves,19,2002,8,4,308,3.4,0,0,0,0,0,1,0,0,0,0,0,0,0,0,0,0.1,0.01,0.01,0.02,0.01,0.02,Matches,9a71e978
219,Rob Holding,eng ENG,DF,Arsenal,25,1995,15,9,845,9.4,1,0,1,0,0,4,1,0.11,0,0.11,0.11,0.11,0.3,0.3,0,0.3,0.03,0,0.03,0.03,0.03,Matches,d79a8c87
220,Mason Holgate,eng ENG,DF,Everton,24,1996,25,23,2134,23.7,2,1,2,0,0,7,1,0.08,0.04,0.13,0.08,0.13,1.1,1.1,0.1,1.1,0.05,0,0.05,0.05,0.05,Matches,d0042ab9
221,Callum Hudson-Odoi,eng ENG,FWMF,Chelsea,20,2000,15,11,962,10.7,1,2,1,0,0,1,0,0.09,0.19,0.28,0.09,0.28,2.1,2.1,2.3,4.4,0.2,0.21,0.41,0.2,0.41,Matches,15f3ec41
222,Will Hughes,eng ENG,MF,Crystal Palace,26,1995,16,13,1053,11.7,0,1,0,0,0,6,0,0,0.09,0.09,0,0.09,0.2,0.2,0.7,0.8,0.01,0.06,0.07,0.01,0.07,Matches,a0666d3e
223,Pierre H√∏jbjerg,dk DEN,MF,Tottenham,25,1995,36,36,3196,35.5,2,2,2,0,0,3,0,0.06,0.06,0.11,0.06,0.11,2,2,2.5,4.5,0.06,0.07,0.13,0.06,0.13,Matches,8b04d6c1
224,Adam Idah,ie IRL,FWMF,Norwich City,20,2001,17,6,625,6.9,1,1,1,0,0,0,0,0.14,0.14,0.29,0.14,0.29,2,2,0.6,2.6,0.28,0.09,0.37,0.28,0.37,Matches,291e3ec3
225,Kelechi Iheanacho,ng NGA,FW,Leicester City,24,1996,26,13,1264,14,4,5,4,0,0,1,0,0.28,0.36,0.64,0.28,0.64,3.4,3.4,2.7,6.1,0.25,0.19,0.44,0.25,0.44,Matches,c92e1a31
226,Danny Ings,eng ENG,FW,Aston Villa,29,1992,30,22,1898,21.1,7,6,6,1,1,4,0,0.33,0.28,0.62,0.28,0.57,7.3,6.6,2,8.6,0.35,0.1,0.44,0.31,0.41,Matches,07802f7f
227,Tim Iroegbunam,eng ENG,MF,Aston Villa,18,2003,3,1,92,1,0,0,0,0,0,1,0,0,0,0,0,0,0.1,0.1,0,0.1,0.13,0,0.13,0.13,0.13,Matches,84c5ceea
228,Alex Iwobi,ng NGA,MFDF,Everton,25,1996,28,22,2035,22.6,2,2,2,0,0,1,0,0.09,0.09,0.18,0.09,0.18,1.7,1.7,2.8,4.5,0.07,0.13,0.2,0.07,0.2,Matches,6ca5ec4b
229,Daniel James,wls WAL,FW,Manchester Utd,23,1997,2,2,126,1.4,0,0,0,0,0,0,0,0,0,0,0,0,0.2,0.2,0,0.3,0.17,0.01,0.19,0.17,0.19,Matches,c931d9f9
230,Daniel James,wls WAL,FWMF,Leeds United,23,1997,32,29,2366,26.3,4,4,4,0,0,7,1,0.15,0.15,0.3,0.15,0.3,5.7,5.7,2.4,8.1,0.22,0.09,0.31,0.22,0.31,Matches,c931d9f9
231,Reece James,eng ENG,DF,Chelsea,21,1999,26,22,1864,20.7,5,9,5,0,0,4,1,0.24,0.43,0.68,0.24,0.68,2.6,2.6,5.7,8.3,0.12,0.28,0.4,0.12,0.4,Matches,1265a93a
232,Vitaly Janelt,de GER,MF,Brentford,23,1998,31,27,2298,25.5,4,0,4,0,0,3,0,0.16,0,0.16,0.16,0.16,2.6,2.6,2.2,4.8,0.1,0.09,0.19,0.1,0.19,Matches,8449d35e
233,Pontus Jansson,se SWE,DF,Brentford,30,1991,37,37,3321,36.9,3,1,3,0,0,7,0,0.08,0.03,0.11,0.08,0.11,2.9,2.9,0.5,3.4,0.08,0.01,0.09,0.08,0.09,Matches,172e52d8
234,Mathias Jensen,dk DEN,MF,Brentford,25,1996,31,19,1601,17.8,0,1,0,0,0,0,0,0,0.06,0.06,0,0.06,2.5,2.5,3.6,6.1,0.14,0.2,0.34,0.14,0.34,Matches,0f134faf
235,Gabriel Jesus,br BRA,FW,Manchester City,24,1997,28,21,1877,20.9,8,8,7,1,1,1,0,0.38,0.38,0.77,0.34,0.72,10.1,9.4,5.4,14.7,0.49,0.26,0.74,0.45,0.71,Matches,b66315ae
236,Ra√∫l Jim√©nez,mx MEX,FW,Wolves,30,1991,34,30,2631,29.2,6,4,5,1,1,9,2,0.21,0.14,0.34,0.17,0.31,6.6,6.1,2.7,8.7,0.23,0.09,0.32,0.21,0.3,Matches,b561db50
237,Joelinton,br BRA,MFFW,Newcastle Utd,24,1996,35,30,2558,28.4,4,1,4,0,0,8,0,0.14,0.04,0.18,0.14,0.18,4.1,4.1,1.8,6,0.15,0.06,0.21,0.15,0.21,Matches,c17bfb65
238,Ben Johnson,eng ENG,DF,West Ham,21,2000,20,16,1397,15.5,1,0,1,0,0,1,0,0.06,0,0.06,0.06,0.06,0.1,0.1,0.8,0.9,0.01,0.05,0.06,0.01,0.06,Matches,9319781b
239,Curtis Jones,eng ENG,MF,Liverpool,20,2001,15,10,851,9.5,1,1,1,0,0,0,0,0.11,0.11,0.21,0.11,0.21,0.9,0.9,0.6,1.6,0.1,0.07,0.16,0.1,0.16,Matches,4fb9c88f
240,Phil Jones,eng ENG,DF,Manchester Utd,29,1992,4,2,163,1.8,0,0,0,0,0,0,0,0,0,0,0,0,0,0,0,0,0,0.01,0.01,0,0.01,Matches,def899bd
241,Jorginho,it ITA,MF,Chelsea,29,1991,29,26,2273,25.3,6,2,0,6,7,5,0,0.24,0.08,0.32,0,0.08,5.7,0.4,2.8,3.2,0.23,0.11,0.34,0.02,0.13,Matches,45db685d
242,Diogo Jota,pt POR,FW,Liverpool,24,1996,35,27,2364,26.3,15,4,15,0,0,3,0,0.57,0.15,0.72,0.57,0.72,16.1,16.1,5.5,21.6,0.61,0.21,0.82,0.61,0.82,Matches,178ae8f8
243,James Justin,eng ENG,DF,Leicester City,23,1998,13,11,998,11.1,0,0,0,0,0,0,0,0,0,0,0,0,0.6,0.6,1,1.6,0.06,0.09,0.14,0.06,0.14,Matches,fb614c44
244,Mathias J√∏rgensen,dk DEN,DF,Brentford,31,1990,8,6,518,5.8,1,0,1,0,0,2,0,0.17,0,0.17,0.17,0.17,0.1,0.1,0.1,0.2,0.02,0.02,0.03,0.02,0.03,Matches,0db5d2c8
245,Ozan Kabak,tr TUR,DF,Norwich City,21,2000,11,11,922,10.2,0,0,0,0,0,2,0,0,0,0,0,0,0.2,0.2,0,0.2,0.02,0,0.02,0.02,0.02,Matches,2d61d13a
246,Christian Kabasele,be BEL,DF,Watford,30,1991,16,12,1193,13.3,0,0,0,0,0,0,0,0,0,0,0,0,0.7,0.7,0,0.8,0.05,0,0.06,0.05,0.06,Matches,914ab9a1
247,Samuel Kalu,ng NGA,FW,Watford,23,1997,4,2,222,2.5,0,0,0,0,0,0,0,0,0,0,0,0,0.3,0.3,0.2,0.4,0.12,0.06,0.18,0.12,0.18,Matches,b8d22478
248,Hassane Kamara,ci CIV,DF,Watford,27,1994,19,18,1623,18,1,0,1,0,0,5,1,0.06,0,0.06,0.06,0.06,0.2,0.2,0.4,0.6,0.01,0.02,0.03,0.01,0.03,Matches,19a12bed
249,Harry Kane,eng ENG,FW,Tottenham,28,1993,37,36,3232,35.9,17,9,13,4,4,5,0,0.47,0.25,0.72,0.36,0.61,20.1,17.1,9,26.1,0.56,0.25,0.81,0.48,0.73,Matches,21a66f6a
250,N'Golo Kant√©,fr FRA,MF,Chelsea,30,1991,26,21,1773,19.7,2,4,2,0,0,2,0,0.1,0.2,0.3,0.1,0.3,1.8,1.8,2.3,4.2,0.09,0.12,0.21,0.09,0.21,Matches,b9fbae28
251,Edo Kayembe,cd COD,MF,Watford,22,1998,13,9,799,8.9,0,0,0,0,0,0,0,0,0,0,0,0,0.2,0.2,0.3,0.5,0.02,0.03,0.06,0.02,0.06,Matches,f99b71de
252,Moise Kean,it ITA,FW,Everton,21,2000,1,0,1,0,0,0,0,0,0,0,0,0,0,0,0,0,0,0,0,0,0,0,0,0,0,Matches,3d50bcdb
253,Michael Keane,eng ENG,DF,Everton,28,1993,32,31,2792,31,3,2,3,0,0,4,1,0.1,0.06,0.16,0.1,0.16,1.2,1.2,0.6,1.8,0.04,0.02,0.06,0.04,0.06,Matches,c5b7c315
254,Naby Ke√Øta,gn GUI,MF,Liverpool,26,1995,23,14,1173,13,3,1,3,0,0,3,0,0.23,0.08,0.31,0.23,0.31,2.3,2.3,1.6,3.9,0.18,0.12,0.3,0.18,0.3,Matches,f25c8e3a
255,Caoimh√≠n Kelleher,ie IRL,GK,Liverpool,22,1998,2,2,180,2,0,0,0,0,0,0,0,0,0,0,0,0,0,0,0,0,0,0,0,0,0,Matches,62d7ef38
256,Kenedy,br BRA,DF,Chelsea,25,1996,1,1,58,0.6,0,1,0,0,0,0,0,0,1.55,1.55,0,1.55,0.1,0.1,0.9,1,0.13,1.35,1.48,0.13,1.48,Matches,5eebbfdf
257,Jonjoe Kenny,eng ENG,DF,Everton,24,1997,15,11,1018,11.3,0,1,0,0,0,3,1,0,0.09,0.09,0,0.09,0.3,0.3,0.5,0.9,0.03,0.05,0.08,0.03,0.08,Matches,099e666f
258,Max Kilman,eng ENG,DF,Wolves,24,1997,30,30,2687,29.9,1,0,1,0,0,3,0,0.03,0,0.03,0.03,0.03,1,1,0,1,0.03,0,0.03,0.03,0.03,Matches,d0f72bf1
259,Joshua King,no NOR,FW,Watford,29,1992,32,27,2248,25,5,3,4,1,1,5,0,0.2,0.12,0.32,0.16,0.28,8,7.2,3.2,10.4,0.32,0.13,0.45,0.29,0.42,Matches,43458538
260,Kristoffer Klaesson,no NOR,GK,Leeds United,20,2000,1,0,36,0.4,0,0,0,0,0,0,0,0,0,0,0,0,0,0,0,0,0,0,0,0,0,Matches,3f70db80
261,Mateusz Klich,pl POL,MF,Leeds United,31,1990,33,26,2073,23,1,2,1,0,0,5,0,0.04,0.09,0.13,0.04,0.13,2.7,2.7,2.2,4.9,0.12,0.09,0.21,0.12,0.21,Matches,282679b4
262,Robin Koch,de GER,MFDF,Leeds United,25,1996,20,17,1574,17.5,0,0,0,0,0,3,0,0,0,0,0,0,0.7,0.7,0.5,1.3,0.04,0.03,0.07,0.04,0.07,Matches,ea6bc03a
263,Sead Kola≈°inac,ba BIH,DF,Arsenal,28,1993,2,1,91,1,0,0,0,0,0,1,0,0,0,0,0,0,0,0,0,0,0,0,0,0,0,Matches,3935e52e
264,Ibrahima Konat√©,fr FRA,DF,Liverpool,22,1999,11,11,990,11,0,0,0,0,0,2,0,0,0,0,0,0,0.3,0.3,0.1,0.4,0.02,0.01,0.03,0.02,0.03,Matches,5ed9b537
265,Ezri Konsa,eng ENG,DF,Aston Villa,23,1997,29,29,2477,27.5,2,0,2,0,0,6,2,0.07,0,0.07,0.07,0.07,1.5,1.5,0.3,1.7,0.05,0.01,0.06,0.05,0.06,Matches,0313a347
266,Cheikhou Kouyat√©,sn SEN,MF,Crystal Palace,31,1989,27,23,1974,21.9,0,1,0,0,0,3,0,0,0.05,0.05,0,0.05,0.6,0.6,0.7,1.3,0.03,0.03,0.06,0.03,0.06,Matches,8d3c902d
267,Mateo Kovaƒçiƒá,hr CRO,MF,Chelsea,27,1994,25,16,1558,17.3,2,5,2,0,0,4,0,0.12,0.29,0.4,0.12,0.4,1.8,1.8,3.6,5.5,0.11,0.21,0.32,0.11,0.32,Matches,79c0821a
268,Emil Krafth,se SWE,DF,Newcastle Utd,26,1994,20,18,1634,18.2,0,1,0,0,0,5,0,0,0.06,0.06,0,0.06,0.2,0.2,0.8,1,0.01,0.04,0.06,0.01,0.06,Matches,77cf6852
269,Alex Kr√°l,cz CZE,MF,West Ham,23,1998,1,0,1,0,0,0,0,0,0,0,0,0,0,0,0,0,0,0,0,0,0,0,0,0,0,Matches,e717705a
270,Tim Krul,nl NED,GK,Norwich City,33,1988,29,29,2610,29,0,0,0,0,0,1,0,0,0,0,0,0,0,0,0.4,0.4,0,0.01,0.01,0,0.01,Matches,f23f9d20
271,Juraj Kucka,sk SVK,MF,Watford,34,1987,26,22,1920,21.3,1,1,1,0,0,5,1,0.05,0.05,0.09,0.05,0.09,3.1,3.1,0.9,4.1,0.15,0.04,0.19,0.15,0.19,Matches,5aaef9ef
272,Dejan Kulusevski,se SWE,MFFW,Tottenham,21,2000,18,14,1261,14,5,8,5,0,0,3,0,0.36,0.57,0.93,0.36,0.93,3.4,3.4,3.5,6.9,0.24,0.25,0.5,0.24,0.5,Matches,df3cda47
273,Alexandre Lacazette,fr FRA,FWMF,Arsenal,30,1991,30,20,1782,19.8,4,7,2,2,3,0,0,0.2,0.35,0.56,0.1,0.45,7.9,5.6,1.9,7.6,0.4,0.1,0.5,0.28,0.38,Matches,9dbb75ca
274,Adam Lallana,eng ENG,MF,Brighton,33,1988,24,18,1561,17.3,0,1,0,0,0,4,0,0,0.06,0.06,0,0.06,1.2,1.2,0.7,1.9,0.07,0.04,0.11,0.07,0.11,Matches,99813635
275,Tariq Lamptey,eng ENG,DFFW,Brighton,20,2000,30,16,1561,17.3,0,2,0,0,0,4,0,0,0.12,0.12,0,0.12,0.8,0.8,2.2,3,0.05,0.13,0.17,0.05,0.17,Matches,f4e433d4
276,Manuel Lanzini,ar ARG,MFFW,West Ham,28,1993,30,19,1786,19.8,5,3,2,3,3,2,0,0.25,0.15,0.4,0.1,0.25,3.4,1.1,2.2,3.3,0.17,0.11,0.28,0.06,0.17,Matches,26f6dca8
277,Aymeric Laporte,es ESP,DF,Manchester City,27,1994,33,33,2828,31.4,4,0,4,0,0,5,1,0.13,0,0.13,0.13,0.13,4.4,4.4,0.5,4.9,0.14,0.02,0.16,0.14,0.16,Matches,119b9a8e
278,Jamaal Lascelles,eng ENG,DF,Newcastle Utd,27,1993,26,22,2058,22.9,1,0,1,0,0,5,0,0.04,0,0.04,0.04,0.04,1.1,1.1,0.3,1.3,0.05,0.01,0.06,0.05,0.06,Matches,450ab6fc
279,Pierre Lees-Melou,fr FRA,MF,Norwich City,28,1993,33,27,2265,25.2,1,0,1,0,0,5,0,0.04,0,0.04,0.04,0.04,1.6,1.6,1.8,3.4,0.06,0.07,0.14,0.06,0.14,Matches,f5044e54
280,Aaron Lennon,eng ENG,MF,Burnley,34,1987,28,17,1551,17.2,2,0,2,0,0,2,0,0.12,0,0.12,0.12,0.12,1.1,1.1,0.5,1.6,0.06,0.03,0.09,0.06,0.09,Matches,2ff964a0
281,Bernd Leno,de GER,GK,Arsenal,29,1992,4,4,360,4,0,0,0,0,0,0,0,0,0,0,0,0,0,0,0,0,0,0,0,0,0,Matches,2628fd2b
282,Jamal Lewis,nir NIR,DF,Newcastle Utd,23,1998,5,4,262,2.9,0,0,0,0,0,1,0,0,0,0,0,0,0,0,0,0,0,0.01,0.01,0,0.01,Matches,efb9215a
283,Victor Lindel√∂f,se SWE,DF,Manchester Utd,27,1994,28,26,2355,26.2,0,2,0,0,0,4,0,0,0.08,0.08,0,0.08,0.3,0.3,0.5,0.8,0.01,0.02,0.03,0.01,0.03,Matches,f5deef4c
284,Jesse Lingard,eng ENG,FWMF,Manchester Utd,28,1992,16,2,367,4.1,2,0,2,0,0,1,0,0.49,0,0.49,0.49,0.49,0.7,0.7,0.4,1.1,0.17,0.1,0.26,0.17,0.26,Matches,810e3c74
285,Valentino Livramento,eng ENG,DF,Southampton,18,2002,28,25,2202,24.5,1,1,1,0,0,2,0,0.04,0.04,0.08,0.04,0.08,1.2,1.2,2.3,3.4,0.05,0.09,0.14,0.05,0.14,Matches,afed6722
286,Diego Llorente,es ESP,DF,Leeds United,27,1993,28,28,2340,26,3,0,3,0,0,7,0,0.12,0,0.12,0.12,0.12,1.4,1.4,0.1,1.4,0.05,0,0.05,0.05,0.05,Matches,bba30585
287,Hugo Lloris,fr FRA,GK,Tottenham,34,1986,38,38,3420,38,0,0,0,0,0,2,0,0,0,0,0,0,0,0,0.5,0.5,0,0.01,0.01,0,0.01,Matches,8f62b6ee
288,Giovani Lo Celso,ar ARG,MFFW,Tottenham,25,1996,9,2,238,2.6,0,0,0,0,0,0,0,0,0,0,0,0,0.7,0.7,0.6,1.4,0.28,0.24,0.52,0.28,0.52,Matches,d7553721
289,J√ºrgen Locadia,nl NED,FW,Brighton,27,1993,1,0,23,0.3,0,0,0,0,0,0,0,0,0,0,0,0,0.1,0.1,0,0.1,0.45,0,0.45,0.45,0.45,Matches,6cc47ae1
290,Ruben Loftus-Cheek,eng ENG,MFDF,Chelsea,25,1996,24,13,1394,15.5,0,2,0,0,0,1,0,0,0.13,0.13,0,0.13,1.2,1.2,1.9,3.1,0.08,0.12,0.2,0.08,0.2,Matches,e97fd090
291,Kevin Long,ie IRL,DF,Burnley,30,1990,6,4,410,4.6,0,0,0,0,0,1,0,0,0,0,0,0,0.2,0.2,0,0.2,0.03,0,0.03,0.03,0.03,Matches,5a4280b1
292,Shane Long,ie IRL,FW,Southampton,34,1987,13,3,308,3.4,1,0,1,0,0,1,0,0.29,0,0.29,0.29,0.29,1,1,0.1,1.1,0.29,0.03,0.32,0.29,0.32,Matches,9f472354
293,Sean Longstaff,eng ENG,MF,Newcastle Utd,23,1997,24,15,1464,16.3,1,1,1,0,0,1,0,0.06,0.06,0.12,0.06,0.12,1.2,1.2,0.7,1.9,0.07,0.04,0.12,0.07,0.12,Matches,a2b105e0
294,Ademola Lookman,ng NGA,FWMF,Leicester City,23,1997,26,16,1453,16.1,6,0,6,0,0,2,0,0.37,0,0.37,0.37,0.37,5.1,5.1,1.9,6.9,0.31,0.12,0.43,0.31,0.43,Matches,7c104bb7
295,Jonas L√∂ssl,dk DEN,GK,Brentford,32,1989,2,2,180,2,0,0,0,0,0,0,0,0,0,0,0,0,0,0,0,0,0,0,0,0,0,Matches,939bc634
296,Imran Louza,ma MAR,MF,Watford,22,1999,20,17,1416,15.7,0,0,0,0,0,6,0,0,0,0,0,0,1.1,1.1,1,2.1,0.07,0.07,0.14,0.07,0.14,Matches,e1df6989
297,Matthew Lowton,eng ENG,DF,Burnley,32,1989,25,20,1772,19.7,1,2,1,0,0,3,1,0.05,0.1,0.15,0.05,0.15,0.6,0.6,1.3,1.9,0.03,0.07,0.1,0.03,0.1,Matches,9a9c05db
298,Douglas Luiz,br BRA,MF,Aston Villa,23,1998,34,31,2715,30.2,2,3,2,0,0,7,0,0.07,0.1,0.17,0.07,0.17,2,2,2.5,4.5,0.07,0.08,0.15,0.07,0.15,Matches,6f7d826d
299,Romelu Lukaku,be BEL,FW,Chelsea,28,1993,26,16,1589,17.7,8,0,7,1,1,1,0,0.45,0,0.45,0.4,0.4,6.8,6.1,3,9,0.39,0.17,0.55,0.34,0.51,Matches,5eae500a
300,Lyanco,br BRA,DF,Southampton,24,1997,15,9,911,10.1,0,0,0,0,0,2,0,0,0,0,0,0,0.2,0.2,0.1,0.4,0.02,0.01,0.04,0.02,0.04,Matches,b5bf1770
301,Alexis Mac Allister,ar ARG,MFFW,Brighton,22,1998,33,22,2123,23.6,5,2,3,2,3,4,0,0.21,0.08,0.3,0.13,0.21,6.5,4.2,1.5,5.7,0.28,0.06,0.34,0.18,0.24,Matches,83d074ff
302,James Maddison,eng ENG,MFFW,Leicester City,24,1996,35,28,2459,27.3,12,8,12,0,0,3,0,0.44,0.29,0.73,0.44,0.73,8.2,8.2,4.8,13,0.3,0.18,0.48,0.3,0.48,Matches,ee38d9c5
303,Harry Maguire,eng ENG,DF,Manchester Utd,28,1993,30,28,2515,27.9,1,0,1,0,0,9,1,0.04,0,0.04,0.04,0.04,1.7,1.7,0.2,1.9,0.06,0.01,0.07,0.06,0.07,Matches,d8931174
304,Riyad Mahrez,dz ALG,FW,Manchester City,30,1991,28,15,1498,16.6,11,5,7,4,5,0,0,0.66,0.3,0.96,0.42,0.72,10.1,6.3,3.7,10,0.61,0.22,0.83,0.38,0.6,Matches,892d5bb1
305,Ainsley Maitland-Niles,eng ENG,MF,Arsenal,23,1997,8,2,268,3,0,0,0,0,0,0,0,0,0,0,0,0,0,0,0.3,0.4,0.01,0.12,0.13,0.01,0.13,Matches,e3a5814e
306,Sadio Man√©,sn SEN,FW,Liverpool,29,1992,34,32,2819,31.3,16,2,16,0,0,5,0,0.51,0.06,0.57,0.51,0.57,16.7,16.7,4.4,21.1,0.53,0.14,0.67,0.53,0.67,Matches,c691bfe2
307,Javier Manquillo,es ESP,DF,Newcastle Utd,27,1994,19,15,1257,14,1,2,1,0,0,5,0,0.07,0.14,0.21,0.07,0.21,0.5,0.5,0.3,0.8,0.03,0.02,0.06,0.03,0.06,Matches,758dd7f0
308,Fernando Mar√ßal,br BRA,DF,Wolves,32,1989,18,17,1449,16.1,0,0,0,0,0,3,0,0,0,0,0,0,0.5,0.5,0.7,1.2,0.03,0.04,0.08,0.03,0.08,Matches,9ae9eaea
309,Solly March,eng ENG,DFFW,Brighton,27,1994,31,17,1746,19.4,0,2,0,0,0,1,0,0,0.1,0.1,0,0.1,1.5,1.5,2.7,4.3,0.08,0.14,0.22,0.08,0.22,Matches,bb5fbd2b
310,Pablo Mar√≠,es ESP,DF,Arsenal,27,1993,2,2,180,2,0,0,0,0,0,1,0,0,0,0,0,0,0.3,0.3,0.1,0.4,0.15,0.05,0.21,0.15,0.21,Matches,aa54ec6f
311,Anthony Martial,fr FRA,FW,Manchester Utd,25,1995,8,2,212,2.4,1,0,1,0,0,0,0,0.42,0,0.42,0.42,0.42,0.4,0.4,0.1,0.6,0.19,0.06,0.25,0.19,0.25,Matches,8b788c01
312,Martinelli,br BRA,FWMF,Arsenal,20,2001,29,21,1860,20.7,6,6,5,1,1,3,1,0.29,0.29,0.58,0.24,0.53,7.2,6.5,3.3,9.8,0.35,0.16,0.51,0.31,0.47,Matches,48a5a5d6
313,Emiliano Mart√≠nez,ar ARG,GK,Aston Villa,28,1992,36,36,3240,36,0,0,0,0,0,4,0,0,0,0,0,0,0,0,0,0,0,0,0,0,0,Matches,7956236f
314,Adam Masina,ma MAR,DF,Watford,27,1994,15,13,1077,12,0,1,0,0,0,0,0,0,0.08,0.08,0,0.08,0.4,0.4,0.7,1.1,0.03,0.06,0.09,0.03,0.09,Matches,de0f152c
315,Arthur Masuaku,cd COD,DFFW,West Ham,27,1993,13,6,650,7.2,1,1,1,0,0,1,0,0.14,0.14,0.28,0.14,0.28,0.1,0.1,0.9,1,0.01,0.12,0.14,0.01,0.14,Matches,57df7a11
316,Juan Mata,es ESP,MF,Manchester Utd,33,1988,7,2,235,2.6,0,0,0,0,0,0,0,0,0,0,0,0,0.3,0.3,0.2,0.5,0.11,0.06,0.17,0.11,0.17,Matches,29733c72
317,Jean-Philippe Mateta,fr FRA,FW,Crystal Palace,24,1997,22,13,1145,12.7,5,1,5,0,0,2,0,0.39,0.08,0.47,0.39,0.47,5.5,5.5,1.3,6.8,0.43,0.11,0.54,0.43,0.54,Matches,50e6dc35
318,Nemanja Matiƒá,rs SRB,MF,Manchester Utd,32,1988,23,16,1382,15.4,0,4,0,0,0,3,0,0,0.26,0.26,0,0.26,0.2,0.2,1.8,1.9,0.01,0.12,0.13,0.01,0.13,Matches,eb7822d7
319,Jo√´l Matip,cm CMR,DF,Liverpool,29,1991,31,31,2790,31,3,3,3,0,0,2,0,0.1,0.1,0.19,0.1,0.19,3.1,3.1,1.2,4.3,0.1,0.04,0.14,0.1,0.14,Matches,b217ef29
320,Neal Maupay,fr FRA,FW,Brighton,24,1996,32,25,2276,25.3,8,2,7,1,2,7,0,0.32,0.08,0.4,0.28,0.36,7.7,6.2,2.2,8.4,0.3,0.09,0.39,0.24,0.33,Matches,4bcf39f6
321,Bryan Mbeumo,fr FRA,FW,Brentford,21,1999,35,34,2905,32.3,4,7,3,1,1,4,0,0.12,0.22,0.34,0.09,0.31,9.7,9,3.6,12.5,0.3,0.11,0.41,0.28,0.39,Matches,6afaebf2
322,James McArthur,sct SCO,MF,Crystal Palace,33,1987,21,15,1439,16,0,3,0,0,0,4,0,0,0.19,0.19,0,0.19,0.3,0.3,1,1.4,0.02,0.06,0.08,0.02,0.08,Matches,cee31595
323,James Mcatee,eng ENG,MFFW,Manchester City,18,2002,2,0,20,0.2,0,0,0,0,0,0,0,0,0,0,0,0,0,0,0,0,0.19,0,0.19,0.19,0.19,Matches,9.66E+93
324,Kasey McAteer,eng ENG,FW,Leicester City,19,2001,1,0,3,0,0,0,0,0,0,0,0,0,0,0,0,0,0,0,0,0,0,0,0,0,0,Matches,b2c66859
325,Liam McCarron,sct SCO,FW,Leeds United,20,2001,1,0,10,0.1,0,0,0,0,0,0,0,0,0,0,0,0,0,0,0,0,0,0,0,0,0,Matches,076bb352
326,Alex McCarthy,eng ENG,GK,Southampton,31,1989,17,17,1530,17,0,0,0,0,0,1,0,0,0,0,0,0,0,0,0,0,0,0,0,0,0,Matches,36c2ca73
327,John McGinn,sct SCO,MF,Aston Villa,26,1994,35,35,3090,34.3,3,4,3,0,0,8,0,0.09,0.12,0.2,0.09,0.2,1.5,1.5,4.9,6.4,0.04,0.14,0.19,0.04,0.19,Matches,90f91999
328,Stuart McKinstry,sct SCO,MF,Leeds United,18,2002,1,0,4,0,0,0,0,0,0,0,0,0,0,0,0,0,0,0,0,0,0,0,0,0,0,Matches,1000a059
329,Kenny McLean,sct SCO,MF,Norwich City,29,1992,31,29,2706,30.1,1,0,1,0,0,3,0,0.03,0,0.03,0.03,0.03,1.9,1.9,0.7,2.6,0.06,0.02,0.09,0.06,0.09,Matches,471f16b3
330,Dwight McNeil,eng ENG,MF,Burnley,21,1999,38,35,3107,34.5,0,1,0,0,0,1,0,0,0.03,0.03,0,0.03,2.3,2.3,4.8,7.1,0.07,0.14,0.21,0.07,0.21,Matches,fc15fb84
331,Scott McTominay,sct SCO,MF,Manchester Utd,24,1996,30,28,2387,26.5,1,1,1,0,0,9,0,0.04,0.04,0.08,0.04,0.08,1.5,1.5,1.8,3.3,0.06,0.07,0.12,0.06,0.12,Matches,d93c2511
332,Ben Mee,eng ENG,DF,Burnley,31,1989,21,21,1839,20.4,3,0,3,0,0,3,0,0.15,0,0.15,0.15,0.15,1.8,1.8,0.1,1.9,0.09,0,0.09,0.09,0.09,Matches,8df7a2fb
333,Hannibal Mejbri,tn TUN,FW,Manchester Utd,18,2003,2,1,68,0.8,0,0,0,0,0,2,0,0,0,0,0,0,0.1,0.1,0,0.1,0.12,0,0.12,0.12,0.12,Matches,ca22ccb0
334,Benjamin Mendy,fr FRA,DF,Manchester City,27,1994,1,1,78,0.9,0,0,0,0,0,0,0,0,0,0,0,0,0,0,0.3,0.3,0,0.3,0.3,0,0.3,Matches,5271c8f1
335,Edouard Mendy,sn SEN,GK,Chelsea,29,1992,34,34,3060,34,0,0,0,0,0,3,0,0,0,0,0,0,0,0,0,0,0,0,0,0,0,Matches,33887998
336,Nampalys Mendy,sn SEN,MF,Leicester City,29,1992,14,12,1032,11.5,0,0,0,0,0,3,0,0,0,0,0,0,0,0,0,0,0,0,0,0,0,Matches,1598599e
337,Illan Meslier,fr FRA,GK,Leeds United,21,2000,38,38,3384,37.6,0,0,0,0,0,2,0,0,0,0,0,0,0,0,0,0,0,0,0,0,0,Matches,6b625ac2
338,Luka Milivojeviƒá,rs SRB,MF,Crystal Palace,30,1991,15,9,774,8.6,0,0,0,0,0,1,0,0,0,0,0,0,0.2,0.2,0.8,1,0.03,0.09,0.12,0.03,0.12,Matches,2ce2508a
339,James Milner,eng ENG,MFDF,Liverpool,35,1986,24,9,853,9.5,0,1,0,0,0,2,0,0,0.11,0.11,0,0.11,0.3,0.3,2.2,2.4,0.03,0.23,0.26,0.03,0.26,Matches,2f90f6b8
340,Yerry Mina,co COL,DF,Everton,26,1994,13,11,846,9.4,0,0,0,0,0,3,0,0,0,0,0,0,0.3,0.3,0,0.3,0.03,0,0.03,0.03,0.03,Matches,6d5701f2
341,Takumi Minamino,jp JPN,FWMF,Liverpool,26,1995,11,1,186,2.1,3,0,3,0,0,1,0,1.45,0,1.45,1.45,1.45,1.8,1.8,0.5,2.3,0.88,0.25,1.13,0.88,1.13,Matches,f833a830
342,Tyrone Mings,eng ENG,DF,Aston Villa,28,1993,36,35,3189,35.4,1,3,1,0,0,11,0,0.03,0.08,0.11,0.03,0.11,1.4,1.4,1.5,2.9,0.04,0.04,0.08,0.04,0.08,Matches,8397a50c
343,Tyrick Mitchell,eng ENG,DF,Crystal Palace,21,1999,36,35,3101,34.5,0,2,0,0,0,1,0,0,0.06,0.06,0,0.06,0.3,0.3,1.3,1.6,0.01,0.04,0.05,0.01,0.05,Matches,5cbd1eb0
344,Jakub Moder,pl POL,MFFW,Brighton,22,1999,28,19,1701,18.9,0,3,0,0,0,1,0,0,0.16,0.16,0,0.16,2.4,2.4,1.7,4.1,0.13,0.09,0.22,0.13,0.22,Matches,f230bc30
345,Wesley Moraes,br BRA,FW,Aston Villa,24,1996,1,0,1,0,0,0,0,0,0,0,0,0,0,0,0,0,0,0,0,0,0,0,0,0,0,Matches,bfae110f
346,Tyler Morton,eng ENG,MF,Liverpool,18,2002,2,1,66,0.7,0,0,0,0,0,1,0,0,0,0,0,0,0,0,0,0,0,0,0,0,0,Matches,2bc28bb9
347,Mason Mount,eng ENG,MFFW,Chelsea,22,1999,32,27,2363,26.3,11,10,10,1,1,4,0,0.42,0.38,0.8,0.38,0.76,8.9,8.1,6.7,14.8,0.34,0.25,0.59,0.31,0.56,Matches,9674002f
348,Lucas Moura,br BRA,FWMF,Tottenham,28,1992,34,19,1775,19.7,2,6,2,0,0,4,0,0.1,0.3,0.41,0.1,0.41,3.7,3.7,4.4,8.1,0.19,0.23,0.41,0.19,0.41,Matches,2b622f01
349,Jo√£o Moutinho,pt POR,MF,Wolves,34,1986,35,34,2970,33,2,1,2,0,0,4,0,0.06,0.03,0.09,0.06,0.09,1,1,2.4,3.5,0.03,0.07,0.11,0.03,0.11,Matches,f5a00fa4
350,Bali Mumba,eng ENG,DF,Norwich City,19,2001,1,0,45,0.5,0,0,0,0,0,0,0,0,0,0,0,0,0,0,0,0,0,0,0,0,0,Matches,2d760d7b
351,Jacob Murphy,eng ENG,FWDF,Newcastle Utd,26,1995,33,13,1473,16.4,1,2,1,0,0,4,0,0.06,0.12,0.18,0.06,0.18,2.9,2.9,2.1,5,0.18,0.13,0.31,0.18,0.31,Matches,de112b84
352,Enock Mwepu,zm ZAM,MFFW,Brighton,23,1998,18,12,996,11.1,2,4,2,0,0,2,0,0.18,0.36,0.54,0.18,0.54,1.9,1.9,1.4,3.2,0.17,0.12,0.29,0.17,0.29,Matches,1d5cab82
353,Vitaliy Mykolenko,ua UKR,DF,Everton,22,1999,13,12,1055,11.7,1,0,1,0,0,0,0,0.09,0,0.09,0.09,0.09,0.8,0.8,0.8,1.6,0.07,0.07,0.14,0.07,0.14,Matches,30d4a2e5
354,Marvelous Nakamba,zw ZIM,MF,Aston Villa,27,1994,16,10,904,10,0,0,0,0,0,5,0,0,0,0,0,0,0,0,0.1,0.1,0,0.01,0.01,0,0.01,Matches,de5b5570
355,Wilfred Ndidi,ng NGA,MFDF,Leicester City,24,1996,19,18,1618,18,0,0,0,0,0,4,0,0,0,0,0,0,1,1,0,1,0.06,0,0.06,0.06,0.06,Matches,6b47c5db
356,Tanguy Ndombele,fr FRA,MF,Tottenham,24,1996,9,6,484,5.4,1,1,1,0,0,1,0,0.19,0.19,0.37,0.19,0.37,0.5,0.5,0.4,0.9,0.09,0.07,0.16,0.09,0.16,Matches,5cdddffa
357,Reiss Nelson,eng ENG,FW,Arsenal,21,1999,1,0,20,0.2,0,0,0,0,0,0,0,0,0,0,0,0,0,0,0,0.1,0.16,0.18,0.35,0.16,0.35,Matches,c5bdb6e3
358,Pedro Neto,pt POR,FWMF,Wolves,21,2000,13,5,466,5.2,1,1,1,0,0,3,0,0.19,0.19,0.39,0.19,0.39,1.5,1.5,1.1,2.6,0.29,0.22,0.51,0.29,0.51,Matches,7ba2eaa9
359,R√∫ben Neves,pt POR,MF,Wolves,24,1997,33,31,2661,29.6,4,2,4,0,0,9,0,0.14,0.07,0.2,0.14,0.2,1.2,1.2,2.2,3.4,0.04,0.07,0.12,0.04,0.12,Matches,44bfb6c5
360,Jeremy Ngakia,eng ENG,DF,Watford,20,2000,16,9,903,10,0,0,0,0,0,0,0,0,0,0,0,0,0.1,0.1,0.5,0.6,0.01,0.05,0.06,0.01,0.06,Matches,3631ad41
361,Sa√∫l √ë√≠guez,es ESP,MFDF,Chelsea,26,1994,10,5,480,5.3,0,0,0,0,0,1,0,0,0,0,0,0,0.2,0.2,0.3,0.5,0.04,0.06,0.1,0.04,0.1,Matches,c14bc029
362,Eddie Nketiah,eng ENG,FW,Arsenal,22,1999,21,8,835,9.3,5,1,5,0,0,3,0,0.54,0.11,0.65,0.54,0.65,4.6,4.6,1.4,6.1,0.5,0.16,0.65,0.5,0.65,Matches,a53649b7
363,Nicolas Nkoulou,cm CMR,DF,Watford,31,1990,3,2,168,1.9,0,0,0,0,0,0,0,0,0,0,0,0,0,0,0,0,0,0.01,0.01,0,0.01,Matches,93cf32a8
364,Mark Noble,eng ENG,MF,West Ham,34,1987,11,3,332,3.7,1,0,0,1,2,0,0,0.27,0,0.27,0,0,1.5,0,0.2,0.2,0.41,0.06,0.47,0,0.06,Matches,ff527768
365,Mathias Normann,no NOR,MF,Norwich City,25,1996,23,20,1645,18.3,1,2,1,0,0,6,0,0.05,0.11,0.16,0.05,0.16,0.9,0.9,1.8,2.8,0.05,0.1,0.15,0.05,0.15,Matches,8996350d
366,Christian N√∏rgaard,dk DEN,MF,Brentford,27,1994,35,35,3054,33.9,3,4,3,0,0,8,0,0.09,0.12,0.21,0.09,0.21,3.2,3.2,3.1,6.3,0.09,0.09,0.19,0.09,0.19,Matches,df0a4c90
367,Angelo Ogbonna,it ITA,DF,West Ham,33,1988,11,11,921,10.2,1,0,1,0,0,1,0,0.1,0,0.1,0.1,0.1,0.3,0.3,0,0.3,0.03,0,0.03,0.03,0.03,Matches,74b2cd7e
368,Michael Olise,fr FRA,FWMF,Crystal Palace,19,2001,26,12,1141,12.7,2,5,2,0,0,4,0,0.16,0.39,0.55,0.16,0.55,1.4,1.4,3.4,4.8,0.11,0.27,0.38,0.11,0.38,Matches,c4486bac
369,Robin Olsen,se SWE,GK,Aston Villa,31,1990,1,1,90,1,0,0,0,0,0,0,0,0,0,0,0,0,0,0,0,0,0,0,0,0,0,Matches,e7ee38c3
370,Andrew Omobamidele,ie IRL,DF,Norwich City,19,2002,5,4,382,4.2,1,0,1,0,0,1,0,0.24,0,0.24,0.24,0.24,0.3,0.3,0,0.3,0.08,0,0.08,0.08,0.08,Matches,c393a6c4
371,Tyler Onyango,eng ENG,MFFW,Everton,18,2003,3,0,28,0.3,0,0,0,0,0,0,0,0,0,0,0,0,0,0,0,0,0.1,0,0.1,0.1,0.1,Matches,d86a1f3e
372,Frank Onyeka,ng NGA,MF,Brentford,23,1998,20,12,1045,11.6,0,0,0,0,0,4,0,0,0,0,0,0,1.1,1.1,0.2,1.3,0.1,0.02,0.11,0.1,0.11,Matches,2944f86f
373,Divock Origi,be BEL,FW,Liverpool,26,1995,7,0,133,1.5,3,0,3,0,0,0,0,2.03,0,2.03,2.03,2.03,1.6,1.6,0,1.6,1.08,0,1.08,1.08,1.08,Matches,43a166b4
374,Alex Oxlade-Chamberlain,eng ENG,MFFW,Liverpool,27,1993,17,9,785,8.7,2,1,2,0,0,0,0,0.23,0.11,0.34,0.23,0.34,1.2,1.2,0.9,2.1,0.14,0.11,0.24,0.14,0.24,Matches,38c7feef
375,Cole Palmer,eng ENG,FWMF,Manchester City,19,2002,4,1,123,1.4,0,0,0,0,0,0,0,0,0,0,0,0,0.3,0.3,0.2,0.5,0.23,0.17,0.39,0.23,0.39,Matches,dc7f8a28
376,Emerson Palmieri,it ITA,DF,Chelsea,26,1994,1,0,5,0.1,0,0,0,0,0,0,0,0,0,0,0,0,0,0,0,0,0,0,0,0,0,Matches,e0bc6fdc
377,Thomas Partey,gh GHA,MF,Arsenal,28,1993,24,23,2028,22.5,2,1,2,0,0,6,0,0.09,0.04,0.13,0.09,0.13,2.5,2.5,1.3,3.8,0.11,0.06,0.17,0.11,0.17,Matches,529f49ab
378,Jo√£o Pedro,br BRA,FWMF,Watford,19,2001,28,15,1644,18.3,3,1,3,0,0,1,0,0.16,0.05,0.22,0.16,0.22,4.2,4.2,2.6,6.8,0.23,0.14,0.37,0.23,0.37,Matches,e8832875
379,Nicolas P√©p√©,ci CIV,FWMF,Arsenal,26,1995,20,5,696,7.7,1,2,1,0,0,0,0,0.13,0.26,0.39,0.13,0.39,2.9,2.9,1.7,4.6,0.38,0.22,0.6,0.38,0.6,Matches,57e3f0c7
380,Ricardo Pereira,pt POR,DF,Leicester City,27,1993,14,13,991,11,1,3,1,0,0,3,0,0.09,0.27,0.36,0.09,0.36,0.7,0.7,1.3,2,0.06,0.12,0.18,0.06,0.18,Matches,75a72a99
381,Ayoze P√©rez,es ESP,MFFW,Leicester City,28,1993,14,6,445,4.9,2,3,2,0,0,0,1,0.4,0.61,1.01,0.4,1.01,1.5,1.5,0.9,2.4,0.31,0.18,0.49,0.31,0.49,Matches,819aa8e7
382,Sonny Perkins,eng ENG,FW,West Ham,17,2004,1,0,4,0,0,0,0,0,0,0,0,0,0,0,0,0,0,0,0,0,0,0,0,0,0,Matches,87f12e30
383,Romain Perraud,fr FRA,DF,Southampton,23,1997,20,18,1623,18,0,1,0,0,0,3,0,0,0.06,0.06,0,0.06,0.9,0.9,0.6,1.5,0.05,0.03,0.08,0.05,0.08,Matches,6dfd8f05
384,Kalvin Phillips,eng ENG,MF,Leeds United,25,1995,20,18,1596,17.7,0,1,0,0,0,4,0,0,0.06,0.06,0,0.06,0.6,0.6,0.2,0.9,0.04,0.01,0.05,0.04,0.05,Matches,4f565d77
385,Jaden Philogene Bidace,eng ENG,FW,Aston Villa,19,2002,1,0,5,0.1,0,0,0,0,0,0,0,0,0,0,0,0,0,0,0,0,0,0,0,0,0,Matches,19f4d211
386,Jordan Pickford,eng ENG,GK,Everton,27,1994,35,35,3150,35,0,0,0,0,0,2,0,0,0,0,0,0,0,0,0.1,0.1,0,0,0,0,0,Matches,4806ec67
387,Erik Pieters,nl NED,DF,Burnley,32,1988,12,8,730,8.1,0,1,0,0,0,1,0,0,0.12,0.12,0,0.12,0.2,0.2,0.8,1,0.02,0.1,0.13,0.02,0.13,Matches,1ef37668
388,Ethan Pinnock,jm JAM,DF,Brentford,28,1993,32,32,2694,29.9,1,1,1,0,0,1,0,0.03,0.03,0.07,0.03,0.07,1.5,1.5,1.2,2.8,0.05,0.04,0.09,0.05,0.09,Matches,e541326e
389,Daniel Podence,pt POR,FWMF,Wolves,25,1995,26,15,1484,16.5,2,3,2,0,0,2,0,0.12,0.18,0.3,0.12,0.3,1.9,1.9,3.8,5.8,0.12,0.23,0.35,0.12,0.35,Matches,7fcc71d8
390,Paul Pogba,fr FRA,MFFW,Manchester Utd,28,1993,20,16,1349,15,1,9,1,0,0,7,1,0.07,0.6,0.67,0.07,0.67,2.4,2.4,3.5,6,0.16,0.24,0.4,0.16,0.4,Matches,867239d3
391,Nick Pope,eng ENG,GK,Burnley,29,1992,36,36,3240,36,0,0,0,0,0,1,0,0,0,0,0,0,0,0,0.2,0.2,0,0.01,0.01,0,0.01,Matches,4b40d9ca
392,Isaac Price,nir NIR,MF,Everton,17,2003,1,0,14,0.2,0,0,0,0,0,0,0,0,0,0,0,0,0.2,0.2,0,0.2,1.03,0,1.03,1.03,1.03,Matches,b9403c99
393,Teemu Pukki,fi FIN,FW,Norwich City,31,1990,37,37,3253,36.1,11,3,8,3,3,4,0,0.3,0.08,0.39,0.22,0.3,11.5,9.2,2.8,12,0.32,0.08,0.4,0.26,0.33,Matches,0745b37d
394,Christian Pulisic,us USA,MFFW,Chelsea,22,1998,22,13,1290,14.3,6,2,6,0,0,2,0,0.42,0.14,0.56,0.42,0.56,5.1,5.1,1.2,6.3,0.35,0.08,0.44,0.35,0.44,Matches,1bf33a9a
395,Przemys≈Çaw P≈Çacheta,pl POL,FWMF,Norwich City,23,1998,12,6,504,5.6,0,0,0,0,0,1,0,0,0,0,0,0,0.5,0.5,0.7,1.3,0.1,0.13,0.23,0.1,0.23,Matches,3c33f9d9
396,Jesuran Rak Sakyi,eng ENG,FWMF,Crystal Palace,18,2002,2,1,80,0.9,0,0,0,0,0,0,0,0,0,0,0,0,0,0,0,0,0,0,0,0,0,Matches,45685411
397,Aaron Ramsdale,eng ENG,GK,Arsenal,23,1998,34,34,3060,34,0,0,0,0,0,1,0,0,0,0,0,0,0,0,0,0,0,0,0,0,0,Matches,466fb2c5
398,Jacob Ramsey,eng ENG,MF,Aston Villa,20,2001,34,29,2467,27.4,6,1,6,0,0,6,0,0.22,0.04,0.26,0.22,0.26,3.8,3.8,2,5.8,0.14,0.07,0.21,0.14,0.21,Matches,1544f145
399,Marcus Rashford,eng ENG,FWMF,Manchester Utd,23,1997,25,13,1235,13.7,4,2,4,0,0,2,0,0.29,0.15,0.44,0.29,0.44,2.4,2.4,2,4.4,0.18,0.14,0.32,0.18,0.32,Matches,a1d5bd30
400,Milot Rashica,xk KVX,FWMF,Norwich City,25,1996,31,25,2229,24.8,1,2,1,0,0,0,0,0.04,0.08,0.12,0.04,0.12,2.7,2.7,2.6,5.3,0.11,0.1,0.21,0.11,0.21,Matches,6c6a3300
401,David Raya,es ESP,GK,Brentford,25,1995,24,24,2160,24,0,0,0,0,0,1,0,0,0,0,0,0,0,0,0,0,0,0,0,0,0,Matches,98ea5115
402,Nathan Redmond,eng ENG,MFFW,Southampton,27,1994,27,20,1833,20.4,1,5,1,0,0,0,0,0.05,0.25,0.29,0.05,0.29,1.9,1.9,4.3,6.3,0.09,0.21,0.31,0.09,0.31,Matches,ab651565
403,Sergio Reguil√≥n,es ESP,DF,Tottenham,24,1996,25,22,1916,21.3,2,3,2,0,0,4,0,0.09,0.14,0.23,0.09,0.23,3,3,4,7,0.14,0.19,0.33,0.14,0.33,Matches,3353737a
404,Declan Rice,eng ENG,MF,West Ham,22,1999,36,35,3179,35.3,1,4,1,0,0,8,0,0.03,0.11,0.14,0.03,0.14,1.1,1.1,2,3,0.03,0.06,0.09,0.03,0.09,Matches,1c7012b8
405,Taylor Richards,eng ENG,MFFW,Brighton,20,2000,2,0,25,0.3,0,0,0,0,0,0,0,0,0,0,0,0,0,0,0,0,0.14,0,0.14,0.14,0.14,Matches,e0243d23
406,Richarlison,br BRA,FWMF,Everton,24,1997,30,28,2523,28,10,5,7,3,3,9,0,0.36,0.18,0.54,0.25,0.43,10.2,7.9,2.4,10.3,0.36,0.09,0.45,0.28,0.37,Matches,fa031b34
407,Ja√Øro Riedewald,nl NED,MF,Crystal Palace,24,1996,3,1,118,1.3,0,0,0,0,0,0,0,0,0,0,0,0,0,0,0.1,0.1,0,0.06,0.06,0,0.06,Matches,7a1f2c08
408,Matt Ritchie,sct SCO,DF,Newcastle Utd,31,1989,18,14,1337,14.9,0,2,0,0,0,5,0,0,0.13,0.13,0,0.13,0.4,0.4,1.6,2.1,0.03,0.11,0.14,0.03,0.14,Matches,71ef519e
409,Connor Roberts,wls WAL,DF,Burnley,25,1995,21,19,1692,18.8,1,1,1,0,0,2,0,0.05,0.05,0.11,0.05,0.11,0.2,0.2,1.1,1.3,0.01,0.06,0.07,0.01,0.07,Matches,24fae784
410,Tyler Roberts,wls WAL,MFFW,Leeds United,22,1999,23,7,987,11,1,1,1,0,0,5,0,0.09,0.09,0.18,0.09,0.18,2.4,2.4,1.2,3.7,0.22,0.11,0.34,0.22,0.34,Matches,6c17e046
411,Andrew Robertson,sct SCO,DF,Liverpool,27,1994,29,29,2537,28.2,3,10,3,0,0,5,1,0.11,0.35,0.46,0.11,0.46,1.9,1.9,5.2,7,0.07,0.18,0.25,0.07,0.25,Matches,2e4f5f03
412,Joe Rodon,wls WAL,DF,Tottenham,23,1997,3,0,89,1,0,0,0,0,0,0,0,0,0,0,0,0,0,0,0,0,0,0,0,0,0,Matches,8d62d31a
413,Rodri,es ESP,MF,Manchester City,25,1996,33,33,2884,32,7,2,7,0,0,5,0,0.22,0.06,0.28,0.22,0.28,2.7,2.7,1.4,4.1,0.08,0.04,0.13,0.08,0.13,Matches,6434f10d
414,Rodrigo,es ESP,MFFW,Leeds United,30,1991,31,27,2265,25.2,6,1,5,1,1,9,0,0.24,0.04,0.28,0.2,0.24,4.9,4.1,4.6,8.8,0.19,0.18,0.38,0.16,0.35,Matches,1fb1c435
415,Jay Rodriguez,eng ENG,FW,Burnley,32,1989,29,13,1382,15.4,2,2,2,0,0,3,0,0.13,0.13,0.26,0.13,0.26,4.7,4.7,1.9,6.6,0.3,0.12,0.43,0.3,0.43,Matches,4ab53cdb
416,Mads Roerslev,dk DEN,DF,Brentford,22,1999,21,12,1240,13.8,1,1,1,0,0,1,0,0.07,0.07,0.15,0.07,0.15,0.3,0.3,0.9,1.2,0.02,0.06,0.08,0.02,0.08,Matches,57c94db2
417,Cristian Romero,ar ARG,DF,Tottenham,23,1998,22,21,1844,20.5,1,0,1,0,0,8,0,0.05,0,0.05,0.05,0.05,0.7,0.7,0.5,1.1,0.03,0.02,0.05,0.03,0.05,Matches,a3d94a58
418,Oriol Romeu,es ESP,MF,Southampton,29,1991,36,34,2889,32.1,2,2,2,0,0,9,0,0.06,0.06,0.12,0.06,0.12,1.3,1.3,2.8,4.1,0.04,0.09,0.13,0.04,0.13,Matches,4b511457
419,Cristiano Ronaldo,pt POR,FW,Manchester Utd,36,1985,30,27,2456,27.3,18,3,15,3,3,8,0,0.66,0.11,0.77,0.55,0.66,16.5,14.2,3.1,17.3,0.61,0.11,0.72,0.52,0.64,Matches,dea698d9
420,Salom√≥n Rond√≥n,ve VEN,FW,Everton,31,1989,20,8,790,8.8,1,1,1,0,0,3,1,0.11,0.11,0.23,0.11,0.23,2.2,2.2,0.7,2.9,0.25,0.09,0.33,0.25,0.33,Matches,b318a643
421,Danny Rose,eng ENG,DF,Watford,31,1990,8,7,689,7.7,0,0,0,0,0,4,0,0,0,0,0,0,0.2,0.2,0.8,0.9,0.02,0.1,0.12,0.02,0.12,Matches,89d10e53
422,Jon Rowe,eng ENG,FWMF,Norwich City,18,2003,13,0,223,2.5,0,1,0,0,0,0,0,0,0.4,0.4,0,0.4,0.4,0.4,0.3,0.7,0.16,0.14,0.3,0.16,0.3,Matches,8c12f884
423,John Ruddy,eng ENG,GK,Wolves,34,1986,2,1,135,1.5,0,0,0,0,0,0,0,0,0,0,0,0,0,0,0,0,0,0,0,0,0,Matches,da8b19e2
424,Antonio R√ºdiger,de GER,DF,Chelsea,28,1993,34,34,3035,33.7,3,0,3,0,0,9,0,0.09,0,0.09,0.09,0.09,2.8,2.8,1.1,3.9,0.08,0.03,0.12,0.08,0.12,Matches,18b896d6
425,Lukas Rupp,de GER,MF,Norwich City,30,1991,19,7,769,8.5,0,0,0,0,0,0,0,0,0,0,0,0,0.7,0.7,1.2,1.9,0.08,0.14,0.22,0.08,0.22,Matches,3faa1780
426,Jos√© S√°,pt POR,GK,Wolves,28,1993,37,37,3285,36.5,0,1,0,0,0,3,0,0,0.03,0.03,0,0.03,0,0,1,1,0,0.03,0.03,0,0.03,Matches,903b6e8b
427,Allan Saint-Maximin,fr FRA,FWMF,Newcastle Utd,24,1997,35,31,2804,31.2,5,5,5,0,0,6,0,0.16,0.16,0.32,0.16,0.32,5.1,5.1,5.8,10.9,0.16,0.19,0.35,0.16,0.35,Matches,2b16cb1a
428,Romain Sa√Øss,ma MAR,DF,Wolves,31,1990,31,31,2705,30.1,2,0,2,0,0,6,0,0.07,0,0.07,0.07,0.07,2.7,2.7,0.4,3.1,0.09,0.01,0.1,0.09,0.1,Matches,9fbbcf39
429,Bukayo Saka,eng ENG,FWMF,Arsenal,19,2001,38,36,2978,33.1,11,7,9,2,2,6,0,0.33,0.21,0.54,0.27,0.48,9.7,8.2,6.9,15.2,0.29,0.21,0.5,0.25,0.46,Matches,bc7dc64d
430,Mohamed Salah,eg EGY,FW,Liverpool,29,1992,35,30,2762,30.7,23,13,18,5,6,1,0,0.75,0.42,1.17,0.59,1.01,21.8,17,10.4,27.4,0.71,0.34,1.05,0.55,0.89,Matches,e342ad68
431,Mohammed Salisu,gh GHA,DF,Southampton,22,1999,34,33,2972,33,0,0,0,0,0,10,1,0,0,0,0,0,1.8,1.8,0.5,2.3,0.06,0.02,0.07,0.06,0.07,Matches,0b33f6ad
432,Albert Sambi Lokonga,be BEL,MF,Arsenal,21,1999,19,12,1134,12.6,0,0,0,0,0,5,0,0,0,0,0,0,0.6,0.6,0.8,1.4,0.05,0.06,0.11,0.05,0.11,Matches,1b4f1169
433,Davinson S√°nchez,co COL,DF,Tottenham,25,1996,23,17,1631,18.1,2,0,2,0,0,4,0,0.11,0,0.11,0.11,0.11,2.1,2.1,0.4,2.5,0.11,0.02,0.14,0.11,0.14,Matches,da7b447d
434,Robert S√°nchez,es ESP,GK,Brighton,23,1997,37,37,3329,37,0,0,0,0,0,3,1,0,0,0,0,0,0,0,0.4,0.4,0,0.01,0.01,0,0.01,Matches,6a713852
435,Jadon Sancho,eng ENG,FWMF,Manchester Utd,21,2000,29,20,1900,21.1,3,3,3,0,0,0,0,0.14,0.14,0.28,0.14,0.28,3.3,3.3,4.2,7.5,0.16,0.2,0.36,0.16,0.36,Matches,dbf053da
436,Morgan Sanson,fr FRA,MF,Aston Villa,26,1994,10,3,356,4,0,0,0,0,0,0,0,0,0,0,0,0,0,0,0,0,0,0,0.01,0,0.01,Matches,6e7f1353
437,Samir Santos,br BRA,DF,Watford,26,1994,19,19,1673,18.6,0,0,0,0,0,4,0,0,0,0,0,0,0.3,0.3,0.1,0.5,0.02,0.01,0.02,0.02,0.02,Matches,92b4758e
438,Josh Sargent,us USA,FWMF,Norwich City,21,2000,26,18,1572,17.5,2,1,2,0,0,1,0,0.11,0.06,0.17,0.11,0.17,2.7,2.7,0.7,3.5,0.16,0.04,0.2,0.16,0.2,Matches,a8d4428b
439,Jeremy Sarmiento,ec ECU,FWMF,Brighton,19,2002,5,1,48,0.5,0,0,0,0,0,0,0,0,0,0,0,0,0,0,0,0,0,0,0,0,0,Matches,ac0d576d
440,Ismaila Sarr,sn SEN,FWMF,Watford,23,1998,22,21,1861,20.7,5,2,5,0,1,2,0,0.24,0.1,0.34,0.24,0.34,4.2,3.5,2.5,6,0.2,0.12,0.33,0.17,0.29,Matches,bfdb33aa
441,Malang Sarr,fr FRA,DF,Chelsea,22,1999,8,6,546,6.1,0,0,0,0,0,2,0,0,0,0,0,0,0,0,0.4,0.4,0.01,0.06,0.07,0.01,0.07,Matches,4315f30d
442,Dane Scarlett,eng ENG,MF,Tottenham,17,2004,1,0,4,0,0,0,0,0,0,0,0,0,0,0,0,0,0,0,0,0,0,0,0,0,0,Matches,21945a9e
443,Fabian Sch√§r,ch SUI,DF,Newcastle Utd,29,1991,25,25,2158,24,2,2,2,0,0,4,0,0.08,0.08,0.17,0.08,0.17,1.3,1.3,0.6,2,0.06,0.03,0.08,0.06,0.08,Matches,c8aa95da
444,Jeffrey Schlupp,gh GHA,MFFW,Crystal Palace,28,1992,32,20,1851,20.6,4,1,4,0,0,1,0,0.19,0.05,0.24,0.19,0.24,3.1,3.1,1.8,4.9,0.15,0.09,0.24,0.15,0.24,Matches,3312f911
445,Kasper Schmeichel,dk DEN,GK,Leicester City,34,1986,37,37,3330,37,0,0,0,0,0,2,0,0,0,0,0,0,0,0,0,0,0,0,0,0,0,Matches,53af52f3
446,Ken Sema,se SWE,MFFW,Watford,27,1993,18,7,852,9.5,0,0,0,0,0,1,0,0,0,0,0,0,0.2,0.2,1.2,1.4,0.02,0.13,0.14,0.02,0.14,Matches,1770bd68
447,N√©lson Semedo,pt POR,DF,Wolves,27,1993,25,25,2131,23.7,0,1,0,0,0,1,0,0,0.04,0.04,0,0.04,1.4,1.4,1.2,2.6,0.06,0.05,0.11,0.06,0.11,Matches,d04b94db
448,Ryan Sessegnon,eng ENG,DF,Tottenham,21,2000,15,13,1047,11.6,0,2,0,0,0,2,0,0,0.17,0.17,0,0.17,0.4,0.4,2.9,3.3,0.03,0.25,0.28,0.03,0.28,Matches,6aa3e78b
449,Jamie Shackleton,eng ENG,DFMF,Leeds United,21,1999,14,7,709,7.9,0,0,0,0,0,4,0,0,0,0,0,0,0.2,0.2,0,0.2,0.02,0.01,0.03,0.02,0.03,Matches,8d03ca5a
450,Luke Shaw,eng ENG,DF,Manchester Utd,26,1995,20,19,1601,17.8,0,3,0,0,0,8,0,0,0.17,0.17,0,0.17,0.2,0.2,3.2,3.4,0.01,0.18,0.19,0.01,0.19,Matches,9c94165b
451,Jonjo Shelvey,eng ENG,MF,Newcastle Utd,29,1992,24,22,1983,22,2,1,2,0,0,7,1,0.09,0.05,0.14,0.09,0.14,0.9,0.9,0.8,1.7,0.04,0.04,0.08,0.04,0.08,Matches,3727dd3c
452,Shola Shoretire,eng ENG,FW,Manchester Utd,17,2004,1,0,16,0.2,0,0,0,0,0,0,0,0,0,0,0,0,0,0,0,0,0,0,0,0,0,Matches,00f0482f
453,Francisco Sierralta,cl CHI,DF,Watford,24,1997,5,5,427,4.7,0,0,0,0,0,0,0,0,0,0,0,0,0,0,0,0,0.01,0,0.01,0.01,0.01,Matches,0f933743
454,Bernardo Silva,pt POR,MFFW,Manchester City,26,1994,35,33,2857,31.7,8,4,8,0,0,6,0,0.25,0.13,0.38,0.25,0.38,6.8,6.8,5.2,12,0.21,0.16,0.38,0.21,0.38,Matches,3eb22ec9
455,F√°bio Silva,pt POR,FW,Wolves,19,2002,22,6,572,6.4,0,0,0,0,0,0,0,0,0,0,0,0,2.3,2.3,0.2,2.4,0.36,0.02,0.38,0.36,0.38,Matches,e7aa9d7c
456,Thiago Silva,br BRA,DF,Chelsea,36,1984,32,28,2650,29.4,3,0,3,0,0,2,0,0.1,0,0.1,0.1,0.1,0.9,0.9,0.2,1.1,0.03,0.01,0.04,0.03,0.04,Matches,86e7deaf
457,Ellis Simms,eng ENG,FW,Everton,20,2001,1,1,61,0.7,0,0,0,0,0,0,0,0,0,0,0,0,0,0,0,0,0,0,0,0,0,Matches,26d3b5be
458,Moussa Sissoko,fr FRA,MF,Watford,31,1989,36,36,3220,35.8,2,1,2,0,0,5,0,0.06,0.03,0.08,0.06,0.08,3.4,3.4,2.8,6.2,0.1,0.08,0.17,0.1,0.17,Matches,2acd49b9
459,Oliver Skipp,eng ENG,MF,Tottenham,20,2000,18,14,1350,15,0,0,0,0,0,6,0,0,0,0,0,0,0.2,0.2,0.9,1.1,0.01,0.06,0.07,0.01,0.07,Matches,6250083a
460,William Smallbone,ie IRL,MFFW,Southampton,21,2000,4,2,133,1.5,0,0,0,0,0,0,0,0,0,0,0,0,0.1,0.1,0.1,0.2,0.05,0.06,0.12,0.05,0.12,Matches,5e105217
461,Emile Smith Rowe,eng ENG,MFFW,Arsenal,21,2000,33,21,1921,21.3,10,2,10,0,0,1,0,0.47,0.09,0.56,0.47,0.56,5.8,5.8,2.2,8,0.27,0.1,0.37,0.27,0.37,Matches,17695062
462,C√©dric Soares,pt POR,DF,Arsenal,29,1991,21,16,1486,16.5,1,1,1,0,0,3,0,0.06,0.06,0.12,0.06,0.12,0.5,0.5,1.4,2,0.03,0.09,0.12,0.03,0.12,Matches,839c14e1
463,Tom√°≈° Souƒçek,cz CZE,MF,West Ham,26,1995,35,34,3062,34,5,1,5,0,0,3,0,0.15,0.03,0.18,0.15,0.18,4.8,4.4,1.5,5.9,0.14,0.05,0.19,0.13,0.17,Matches,6613c819
464,Boubakary Soumar√©,fr FRA,MF,Leicester City,22,1999,19,12,1102,12.2,0,1,0,0,0,0,0,0,0.08,0.08,0,0.08,0.4,0.4,0.4,0.8,0.03,0.03,0.06,0.03,0.06,Matches,ae59b359
465,√áaƒülar S√∂y√ºnc√º,tr TUR,DF,Leicester City,25,1996,28,28,2497,27.7,1,0,1,0,0,5,0,0.04,0,0.04,0.04,0.04,1.4,1.4,0.1,1.5,0.05,0,0.05,0.05,0.05,Matches,21166ff4
466,Tony Springett,eng ENG,FWMF,Norwich City,18,2002,3,1,141,1.6,0,0,0,0,0,1,0,0,0,0,0,0,0.3,0.3,0.4,0.6,0.17,0.22,0.4,0.17,0.4,Matches,35be8087
467,Jason Steele,eng ENG,GK,Brighton,30,1990,1,1,90,1,0,0,0,0,0,0,0,0,0,0,0,0,0,0,0,0,0,0,0,0,0,Matches,28300a16
468,Jed Steer,eng ENG,GK,Aston Villa,28,1992,1,1,90,1,0,0,0,0,0,0,0,0,0,0,0,0,0,0,0,0,0,0,0,0,0,Matches,a8a3d139
469,Zack Steffen,us USA,GK,Manchester City,26,1995,1,1,90,1,0,0,0,0,0,0,0,0,0,0,0,0,0,0,0,0,0,0,0,0,0,Matches,42130443
470,Dale Stephens,eng ENG,MF,Burnley,32,1989,3,1,124,1.4,0,0,0,0,0,1,0,0,0,0,0,0,0,0,0,0.1,0.02,0.03,0.06,0.02,0.06,Matches,653ee42d
471,Jack Stephens,eng ENG,DF,Southampton,27,1994,11,9,811,9,0,0,0,0,0,3,0,0,0,0,0,0,0,0,0.3,0.3,0,0.03,0.03,0,0.03,Matches,6adbc307
472,Raheem Sterling,eng ENG,FW,Manchester City,26,1994,30,23,2128,23.6,13,5,11,2,3,1,0,0.55,0.21,0.76,0.47,0.68,14.4,12,4.6,16.6,0.61,0.2,0.81,0.51,0.7,Matches,b400bde0
473,Finley Stevens,wls WAL,DF,Brentford,18,2003,1,0,15,0.2,0,0,0,0,0,0,0,0,0,0,0,0,0,0,0,0,0,0.25,0.25,0,0.25,Matches,7e003182
474,John Stones,eng ENG,DF,Manchester City,27,1994,14,12,1119,12.4,1,0,1,0,0,0,0,0.08,0,0.08,0.08,0.08,1,1,0.1,1.1,0.08,0.01,0.09,0.08,0.09,Matches,5eecec3d
475,Pascal Struijk,nl NED,DF,Leeds United,21,1999,29,22,2055,22.8,1,0,1,0,0,6,1,0.04,0,0.04,0.04,0.04,1.3,1.3,0.3,1.6,0.06,0.01,0.07,0.06,0.07,Matches,f4d296e4
476,Crysencio Summerville,nl NED,MFFW,Leeds United,19,2001,6,0,130,1.4,0,0,0,0,0,0,0,0,0,0,0,0,0.3,0.3,0.1,0.3,0.18,0.03,0.21,0.18,0.21,Matches,df04eb4b
477,Jakob S√∏rensen,dk DEN,MFDF,Norwich City,23,1998,10,6,604,6.7,0,0,0,0,0,0,0,0,0,0,0,0,0.4,0.4,0,0.4,0.06,0,0.06,0.06,0.06,Matches,953c30b0
478,Japhet Tanganga,eng ENG,DF,Tottenham,22,1999,11,10,735,8.2,0,0,0,0,0,4,1,0,0,0,0,0,0.4,0.4,0.4,0.7,0.05,0.05,0.09,0.05,0.09,Matches,e9971f2d
479,Matt Targett,eng ENG,DF,Aston Villa,25,1995,17,17,1431,15.9,1,1,1,0,0,2,0,0.06,0.06,0.13,0.06,0.13,0.5,0.5,2.2,2.7,0.03,0.14,0.17,0.03,0.17,Matches,e514ab62
480,Matt Targett,eng ENG,DF,Newcastle Utd,25,1995,16,16,1440,16,0,0,0,0,0,1,0,0,0,0,0,0,0.3,0.3,1.6,1.9,0.02,0.1,0.12,0.02,0.12,Matches,e514ab62
481,James Tarkowski,eng ENG,DF,Burnley,28,1992,35,35,3106,34.5,1,2,1,0,0,11,0,0.03,0.06,0.09,0.03,0.09,2,2,0.6,2.6,0.06,0.02,0.08,0.06,0.08,Matches,15ea812b
482,Nuno Tavares,pt POR,DF,Arsenal,21,2000,22,13,1176,13.1,1,1,1,0,0,2,0,0.08,0.08,0.15,0.08,0.15,1.5,1.5,1,2.5,0.11,0.08,0.19,0.11,0.19,Matches,a65c844b
483,Charlie Taylor,eng ENG,DF,Burnley,27,1993,31,30,2731,30.3,0,3,0,0,0,3,0,0,0.1,0.1,0,0.1,0.2,0.2,3.5,3.7,0.01,0.11,0.12,0.01,0.12,Matches,cc2d7ad5
484,Nathan Tella,eng ENG,MFFW,Southampton,22,1999,14,10,804,8.9,0,1,0,0,0,2,0,0,0.11,0.11,0,0.11,0.5,0.5,0.7,1.3,0.06,0.08,0.14,0.06,0.14,Matches,f1e94cd6
485,Alex Telles,br BRA,DF,Manchester Utd,28,1992,21,18,1660,18.4,0,4,0,0,0,1,0,0,0.22,0.22,0,0.22,0.5,0.5,2,2.4,0.03,0.11,0.13,0.03,0.13,Matches,e73c9bb2
486,Luke Thomas,eng ENG,DF,Leicester City,20,2001,22,21,1912,21.2,0,1,0,0,0,2,0,0,0.05,0.05,0,0.05,0.2,0.2,1.6,1.8,0.01,0.07,0.08,0.01,0.08,Matches,fc027d02
487,Dominic Thompson,eng ENG,DF,Brentford,21,2000,2,2,146,1.6,0,0,0,0,0,0,0,0,0,0,0,0,0,0,0,0,0.01,0,0.01,0.01,0.01,Matches,235a62f8
488,Youri Tielemans,be BEL,MF,Leicester City,24,1997,32,29,2631,29.2,6,4,4,2,2,3,0,0.21,0.14,0.34,0.14,0.27,4.6,3.1,4.9,7.9,0.16,0.17,0.32,0.11,0.27,Matches,56f7a928
489,Kieran Tierney,sct SCO,DF,Arsenal,24,1997,22,22,1915,21.3,1,3,1,0,0,0,0,0.05,0.14,0.19,0.05,0.19,0.7,0.7,1.9,2.6,0.03,0.09,0.12,0.03,0.12,Matches,fce2302c
490,Takehiro Tomiyasu,jp JPN,DF,Arsenal,22,1998,21,20,1679,18.7,0,1,0,0,0,2,0,0,0.05,0.05,0,0.05,0.8,0.8,0.6,1.4,0.04,0.03,0.08,0.04,0.08,Matches,b3af9be1
491,James Tomkins,eng ENG,DF,Crystal Palace,32,1989,8,6,547,6.1,1,0,1,0,0,2,0,0.16,0,0.16,0.16,0.16,0.6,0.6,0.4,0.9,0.09,0.06,0.15,0.09,0.15,Matches,e7ca0439
492,Ivan Toney,eng ENG,FW,Brentford,25,1996,33,32,2909,32.3,12,5,7,5,5,8,0,0.37,0.15,0.53,0.22,0.37,12,8.2,5.8,14,0.37,0.18,0.55,0.25,0.43,Matches,e09f279b
493,Ferr√°n Torres,es ESP,FW,Manchester City,21,2000,4,4,303,3.4,2,1,2,0,0,0,0,0.59,0.3,0.89,0.59,0.89,2.5,2.5,0,2.5,0.74,0.01,0.75,0.74,0.75,Matches,9e1035f8
494,Cenk Tosun,tr TUR,FW,Everton,30,1991,1,0,7,0.1,0,0,0,0,0,0,0,0,0,0,0,0,0,0,0,0,0,0,0,0,0,Matches,9a104dee
495,Andros Townsend,eng ENG,MF,Everton,30,1991,21,17,1455,16.2,3,2,2,1,1,3,0,0.19,0.12,0.31,0.12,0.25,2.3,1.5,2.4,3.9,0.14,0.15,0.29,0.09,0.24,Matches,b28bbd58
496,Adama Traor√©,es ESP,FW,Wolves,25,1996,20,10,1067,11.9,1,0,1,0,0,0,0,0.08,0,0.08,0.08,0.08,2.4,2.4,1.7,4.1,0.2,0.15,0.35,0.2,0.35,Matches,9a28eba4
497,Bertrand Traor√©,bf BFA,MFFW,Aston Villa,25,1995,9,1,220,2.4,0,0,0,0,0,0,0,0,0,0,0,0,0.3,0.3,0,0.3,0.13,0,0.13,0.13,0.13,Matches,c47541e0
498,Tr√©z√©guet,eg EGY,FW,Aston Villa,26,1994,1,0,11,0.1,0,0,0,0,0,0,0,0,0,0,0,0,0.1,0.1,0,0.1,0.51,0,0.51,0.51,0.51,Matches,3ae14ed1
499,Francisco Trinc√£o,pt POR,FWMF,Wolves,21,1999,28,16,1336,14.8,2,1,2,0,0,0,0,0.13,0.07,0.2,0.13,0.2,3.4,3.4,1.2,4.6,0.23,0.08,0.31,0.23,0.31,Matches,77e39b04
500,Kieran Trippier,eng ENG,DF,Newcastle Utd,30,1990,6,5,429,4.8,2,0,2,0,0,0,0,0.42,0,0.42,0.42,0.42,0.1,0.1,0.4,0.6,0.03,0.09,0.12,0.03,0.12,Matches,21512407
501,William Troost-Ekong,ng NGA,DF,Watford,27,1993,17,15,1390,15.4,0,0,0,0,0,3,0,0,0,0,0,0,0.1,0.1,0.1,0.2,0.01,0.01,0.01,0.01,0.01,Matches,7ed4921e
502,Leandro Trossard,be BEL,FWMF,Brighton,26,1994,34,32,2805,31.2,8,3,7,1,1,2,0,0.26,0.1,0.35,0.22,0.32,6.8,6,4.1,10.1,0.22,0.13,0.35,0.19,0.32,Matches,38ceb24a
503,Kostas Tsimikas,gr GRE,DF,Liverpool,25,1996,13,9,877,9.7,0,2,0,0,0,3,0,0,0.21,0.21,0,0.21,0.5,0.5,2.6,3.1,0.06,0.26,0.32,0.06,0.32,Matches,f315ca93
504,Axel Tuanzebe,eng ENG,DF,Aston Villa,23,1997,9,6,508,5.6,0,0,0,0,0,1,0,0,0,0,0,0,0.2,0.2,0,0.2,0.03,0,0.03,0.03,0.03,Matches,2baec6ce
505,Ozan Tufan,tr TUR,MF,Watford,26,1995,7,4,334,3.7,0,0,0,0,0,0,0,0,0,0,0,0,0.5,0.5,0.2,0.8,0.14,0.07,0.2,0.14,0.2,Matches,17d45fb2
506,Christos Tzolis,gr GRE,FWMF,Norwich City,19,2002,14,3,336,3.7,0,0,0,0,0,0,0,0,0,0,0,0,0.5,0.5,1,1.4,0.13,0.26,0.38,0.13,0.38,Matches,9f333379
507,Yan Valery,fr FRA,DF,Southampton,22,1999,5,3,370,4.1,0,0,0,0,0,0,0,0,0,0,0,0,0,0,0.1,0.1,0.01,0.02,0.03,0.01,0.03,Matches,531a4aa8
508,Rapha√´l Varane,fr FRA,DF,Manchester Utd,28,1993,22,20,1831,20.3,1,1,1,0,0,0,0,0.05,0.05,0.1,0.05,0.1,0.8,0.8,0.2,1,0.04,0.01,0.05,0.04,0.05,Matches,9f8e9423
509,Jamie Vardy,eng ENG,FW,Leicester City,34,1987,25,20,1806,20.1,15,2,15,0,0,2,0,0.75,0.1,0.85,0.75,0.85,9.5,9.5,1.6,11.1,0.47,0.08,0.55,0.47,0.55,Matches,45963054
510,Jo√´l Veltman,nl NED,DF,Brighton,29,1992,34,33,2874,31.9,1,1,1,0,0,6,0,0.03,0.03,0.06,0.03,0.06,0.9,0.9,1.1,2,0.03,0.03,0.06,0.03,0.06,Matches,dad4b285
511,Jannik Vestergaard,dk DEN,DF,Leicester City,28,1992,10,6,567,6.3,0,0,0,0,0,2,0,0,0,0,0,0,0.1,0.1,0,0.1,0.01,0.01,0.01,0.01,0.01,Matches,1900032e
512,Nikola Vla≈°iƒá,hr CRO,FWMF,West Ham,23,1997,19,6,560,6.2,1,0,1,0,0,0,0,0.16,0,0.16,0.16,0.16,1,1,0.4,1.4,0.16,0.07,0.23,0.16,0.23,Matches,aa8e289e
513,Matƒõj Vydra,cz CZE,FW,Burnley,29,1992,22,5,679,7.5,2,3,2,0,0,1,0,0.27,0.4,0.66,0.27,0.66,3,3,0.6,3.6,0.4,0.08,0.48,0.4,0.48,Matches,0d4ceb32
514,Theo Walcott,eng ENG,MFFW,Southampton,32,1989,9,5,379,4.2,0,0,0,0,0,0,0,0,0,0,0,0,0.7,0.7,0,0.7,0.17,0.01,0.18,0.17,0.18,Matches,1ecb65be
515,Kyle Walker,eng ENG,DF,Manchester City,31,1990,20,20,1755,19.5,0,2,0,0,0,1,0,0,0.1,0.1,0,0.1,0.3,0.3,1.2,1.4,0.01,0.06,0.07,0.01,0.07,Matches,86dd77d1
516,Kyle Walker-Peters,eng ENG,DF,Southampton,24,1997,32,29,2633,29.3,1,2,1,0,0,5,0,0.03,0.07,0.1,0.03,0.1,1,1,2.9,3.8,0.03,0.1,0.13,0.03,0.13,Matches,984a5a64
517,Aaron Wan-Bissaka,eng ENG,DF,Manchester Utd,23,1997,20,20,1793,19.9,0,0,0,0,0,2,0,0,0,0,0,0,0.2,0.2,0.9,1.1,0.01,0.05,0.06,0.01,0.06,Matches,9e525177
518,Danny Ward,wls WAL,GK,Leicester City,28,1993,1,1,90,1,0,0,0,0,0,0,0,0,0,0,0,0,0,0,0,0,0,0,0,0,0,Matches,d3ce0e89
519,Joel Ward,eng ENG,DF,Crystal Palace,31,1989,28,27,2487,27.6,0,0,0,0,0,8,0,0,0,0,0,0,0.4,0.4,0.6,1,0.01,0.02,0.03,0.01,0.03,Matches,8a7ff278
520,James Ward-Prowse,eng ENG,MF,Southampton,26,1994,36,36,3215,35.7,10,5,6,4,4,3,1,0.28,0.14,0.42,0.17,0.31,5.4,2.3,6.2,8.5,0.15,0.17,0.32,0.07,0.24,Matches,3515d404
521,Ollie Watkins,eng ENG,FW,Aston Villa,25,1995,35,33,2952,32.8,11,2,10,1,1,7,0,0.34,0.06,0.4,0.3,0.37,12.2,11.4,2.9,14.3,0.37,0.09,0.46,0.35,0.44,Matches,aed3a70f
522,Adam Webster,eng ENG,DF,Brighton,26,1995,22,16,1434,15.9,2,0,2,0,0,5,0,0.13,0,0.13,0.13,0.13,1.1,1.1,0.1,1.2,0.07,0,0.08,0.07,0.08,Matches,c40b6180
523,Wout Weghorst,nl NED,FW,Burnley,28,1992,20,17,1450,16.1,2,3,2,0,0,3,0,0.12,0.19,0.31,0.12,0.31,4.2,4.2,1.4,5.7,0.26,0.09,0.35,0.26,0.35,Matches,c4e87b8b
524,Danny Welbeck,eng ENG,FW,Brighton,30,1990,25,15,1478,16.4,6,2,6,0,0,0,0,0.37,0.12,0.49,0.37,0.49,6.1,6.1,1,7.1,0.37,0.06,0.44,0.37,0.44,Matches,ce5143da
525,Timo Werner,de GER,FWMF,Chelsea,25,1996,21,15,1283,14.3,4,1,4,0,0,1,0,0.28,0.07,0.35,0.28,0.35,7.6,7.6,0.4,8,0.53,0.03,0.56,0.53,0.56,Matches,49fe9070
526,Ashley Westwood,eng ENG,MF,Burnley,31,1990,27,26,2287,25.4,0,3,0,0,0,7,0,0,0.12,0.12,0,0.12,0.8,0.8,3.6,4.3,0.03,0.14,0.17,0.03,0.17,Matches,495945ef
527,Ben White,eng ENG,DF,Arsenal,23,1997,32,32,2880,32,0,0,0,0,0,3,0,0,0,0,0,0,1,1,0.6,1.6,0.03,0.02,0.05,0.03,0.05,Matches,35e413f1
528,Brandon Williams,eng ENG,DF,Norwich City,20,2000,26,23,2120,23.6,0,1,0,0,0,8,0,0,0.04,0.04,0,0.04,0.2,0.2,1.3,1.5,0.01,0.05,0.06,0.01,0.06,Matches,5e74d6c8
529,Neco Williams,wls WAL,DF,Liverpool,20,2001,1,0,8,0.1,0,1,0,0,0,0,0,0,11.25,11.25,0,11.25,0,0,0.6,0.6,0,6.5,6.5,0,6.5,Matches,dd323728
530,Joe Willock,eng ENG,MF,Newcastle Utd,21,1999,29,24,2038,22.6,2,0,2,0,0,0,0,0.09,0,0.09,0.09,0.09,3.6,3.6,1.2,4.8,0.16,0.05,0.21,0.16,0.21,Matches,a3b03921
531,Callum Wilson,eng ENG,FW,Newcastle Utd,29,1992,18,16,1386,15.4,8,0,6,2,2,4,0,0.52,0,0.52,0.39,0.39,6.5,5,0.6,5.5,0.42,0.04,0.46,0.32,0.36,Matches,c596fcb0
532,Harry Winks,eng ENG,MF,Tottenham,25,1996,19,9,912,10.1,0,1,0,0,0,2,0,0,0.1,0.1,0,0.1,0.1,0.1,1.5,1.6,0.01,0.15,0.16,0.01,0.16,Matches,2f7acede
533,Yoane Wissa,cd COD,FWMF,Brentford,24,1996,30,12,1284,14.3,7,1,7,0,0,0,0,0.49,0.07,0.56,0.49,0.56,3.7,3.7,0.7,4.4,0.26,0.05,0.31,0.26,0.31,Matches,2500cef9
534,Chris Wood,nz NZL,FW,Burnley,29,1991,17,17,1367,15.2,3,0,3,0,0,1,0,0.2,0,0.2,0.2,0.2,4.5,4.5,0.2,4.7,0.3,0.02,0.31,0.3,0.31,Matches,4e9a0555
535,Chris Wood,nz NZL,FW,Newcastle Utd,29,1991,17,15,1327,14.7,2,0,1,1,1,0,0,0.14,0,0.14,0.07,0.07,2.9,2.1,1,3.1,0.19,0.07,0.26,0.14,0.21,Matches,4e9a0555
536,Freddie Woodman,eng ENG,GK,Newcastle Utd,24,1997,4,4,360,4,0,0,0,0,0,0,0,0,0,0,0,0,0,0,0,0,0,0,0,0,0,Matches,19e50035
537,Granit Xhaka,ch SUI,MFDF,Arsenal,28,1992,27,27,2327,25.9,1,2,1,0,0,10,1,0.04,0.08,0.12,0.04,0.12,1.2,1.2,2.3,3.5,0.05,0.09,0.14,0.05,0.14,Matches,e61b8aee
538,Andriy Yarmolenko,ua UKR,FW,West Ham,31,1989,19,1,316,3.5,1,0,1,0,0,1,0,0.28,0,0.28,0.28,0.28,0.8,0.8,0.2,1,0.24,0.05,0.29,0.24,0.29,Matches,849c826a
539,Ashley Young,eng ENG,DFFW,Aston Villa,36,1985,24,10,1250,13.9,0,2,0,0,0,2,0,0,0.14,0.14,0,0.14,0.4,0.4,0.7,1.1,0.03,0.05,0.08,0.03,0.08,Matches,be927d03
540,Nathan Young-Coombes,eng ENG,FW,Brentford,18,2003,1,0,4,0,0,0,0,0,0,0,0,0,0,0,0,0,0,0,0,0,0,0,0,0,0,Matches,f9682888
541,Wilfried Zaha,ci CIV,FW,Crystal Palace,28,1992,33,31,2760,30.7,14,1,9,5,7,6,1,0.46,0.03,0.49,0.29,0.33,9.4,4,4.8,8.8,0.31,0.16,0.46,0.13,0.29,Matches,b2bc3b1f
542,Christoph Zimmermann,de GER,DF,Norwich City,28,1993,3,2,157,1.7,0,0,0,0,0,0,0,0,0,0,0,0,0.1,0.1,0,0.1,0.04,0,0.04,0.04,0.04,Matches,2d5f03bf
543,Oleksandr Zinchenko,ua UKR,DF,Manchester City,24,1996,15,10,1047,11.6,0,4,0,0,0,0,0,0,0.34,0.34,0,0.34,0.4,0.4,2,2.5,0.04,0.18,0.21,0.04,0.21,Matches,51cf8561
544,Hakim Ziyech,ma MAR,FWMF,Chelsea,28,1993,23,14,1319,14.7,4,3,4,0,0,3,0,0.27,0.2,0.48,0.27,0.48,3.4,3.4,3.5,6.9,0.23,0.24,0.47,0.23,0.47,Matches,6622454d
545,Kurt Zouma,fr FRA,DF,West Ham,26,1994,24,24,2078,23.1,1,0,1,0,0,1,0,0.04,0,0.04,0.04,0.04,0.9,0.9,0,0.9,0.04,0,0.04,0.04,0.04,Matches,ce4246f5
546,Martin √òdegaard,no NOR,MF,Arsenal,22,1998,36,32,2785,30.9,7,4,7,0,0,4,0,0.23,0.13,0.36,0.23,0.36,4.8,4.8,6.8,11.6,0.16,0.22,0.38,0.16,0.38,Matches,79300479