,,,,,,,,SCA,SCA,SCA Types,SCA Types,SCA Types,SCA Types,SCA Types,SCA Types,GCA,GCA,GCA Types,GCA Types,GCA Types,GCA Types,GCA Types,GCA Types,,#NAME?
Rk,Player,Nation,Pos,Squad,Age,Born,90s,SCA,SCA90,PassLive,PassDead,Drib,Sh,Fld,Def,GCA,GCA90,PassLive,PassDead,Drib,Sh,Fld,Def,Matches,-9999
1,Max Aarons,eng ENG,DF,Norwich City,21,2000,32,38,1.19,27,2,3,4,2,0,5,0.16,5,0,0,0,0,0,Matches,774cf58b
2,Che Adams,sct SCO,FW,Southampton,25,1996,22.7,51,2.25,34,0,1,4,11,1,4,0.18,3,0,0,0,0,1,Matches,f2bf1b0f
3,Rayan A√Øt Nouri,fr FRA,DF,Wolves,20,2001,20.3,44,2.17,26,10,4,0,2,2,6,0.3,4,1,0,0,1,0,Matches,9b398aea
4,Kristoffer Ajer,no NOR,DF,Brentford,23,1998,22.2,28,1.26,20,4,1,1,1,1,6,0.27,3,1,1,0,1,0,Matches,a8c0acb7
5,Nathan Ak√©,nl NED,DF,Manchester City,26,1995,10.3,3,0.29,3,0,0,0,0,0,0,0,0,0,0,0,0,0,Matches,eaeca114
6,Marc Albrighton,eng ENG,FWDF,Leicester City,31,1989,12.6,19,1.51,14,3,0,0,2,0,2,0.16,2,0,0,0,0,0,Matches,b827d5b3
7,Thiago Alc√°ntara,es ESP,MF,Liverpool,30,1991,17,61,3.58,52,0,1,5,0,3,6,0.35,6,0,0,0,0,0,Matches,77e84962
8,Trent Alexander-Arnold,eng ENG,DF,Liverpool,22,1998,31.7,150,4.73,87,52,5,5,1,0,17,0.54,11,5,0,1,0,0,Matches,cd1acf9d
9,Alisson,br BRA,GK,Liverpool,28,1992,36,3,0.08,3,0,0,0,0,0,1,0.03,1,0,0,0,0,0,Matches,7a2e46a8
10,Allan,br BRA,MF,Everton,30,1991,24.3,32,1.32,31,0,0,0,1,0,6,0.25,5,0,0,0,1,0,Matches,cc700722
11,Dele Alli,eng ENG,MFFW,Tottenham,25,1996,7.3,8,1.1,5,0,0,0,3,0,1,0.14,0,0,0,0,1,0,Matches,cea4ee8f
12,Dele Alli,eng ENG,MF,Everton,25,1996,3.8,10,2.66,9,1,0,0,0,0,1,0.27,1,0,0,0,0,0,Matches,cea4ee8f
13,Miguel Almir√≥n,py PAR,MFFW,Newcastle Utd,27,1994,19.1,45,2.36,31,0,3,8,2,1,5,0.26,4,0,1,0,0,0,Matches,862a1c15
14,Marcos Alonso,es ESP,DF,Chelsea,30,1990,24.1,89,3.7,61,15,4,5,2,2,9,0.37,7,1,0,1,0,0,Matches,f4290206
15,Steven Alzate,co COL,MF,Brighton,22,1998,4.5,7,1.56,7,0,0,0,0,0,1,0.22,1,0,0,0,0,0,Matches,ad1f61f3
16,Daniel Amartey,gh GHA,DF,Leicester City,26,1994,23.6,17,0.72,16,0,0,0,0,1,1,0.04,1,0,0,0,0,0,Matches,1a4ef233
17,Joachim Andersen,dk DEN,DF,Crystal Palace,25,1996,32.4,33,1.02,29,1,0,1,0,2,5,0.15,4,0,0,1,0,0,Matches,e34fc66d
18,Michail Antonio,jm JAM,FW,West Ham,31,1990,33,102,3.09,65,0,13,10,8,6,17,0.51,9,0,1,4,2,1,Matches,ac05f970
19,Cameron Archer,eng ENG,MFFW,Aston Villa,19,2001,0.3,0,0,0,0,0,0,0,0,0,0,0,0,0,0,0,0,Matches,05e8ca6d
20,Alphonse Areola,fr FRA,GK,West Ham,28,1993,1,0,0,0,0,0,0,0,0,0,0,0,0,0,0,0,0,Matches,2f965a72
21,Adam Armstrong,eng ENG,FW,Southampton,24,1997,15.7,29,1.85,17,0,4,4,4,0,3,0.19,2,0,0,0,1,0,Matches,68c720b5
22,Stuart Armstrong,sct SCO,MF,Southampton,29,1992,16.4,51,3.12,40,2,2,2,4,1,2,0.12,1,0,0,0,1,0,Matches,97333cf5
23,Kepa Arrizabalaga,es ESP,GK,Chelsea,26,1994,4,0,0,0,0,0,0,0,0,0,0,0,0,0,0,0,0,Matches,28d596a0
24,Harrison Ashby,sct SCO,DF,West Ham,19,2001,0.1,0,0,0,0,0,0,0,0,0,0,0,0,0,0,0,0,Matches,b391383a
25,Pierre-Emerick Aubameyang,ga GAB,FW,Arsenal,32,1989,11.5,23,2,14,0,1,5,3,0,3,0.26,2,0,0,1,0,0,Matches,d5dd5f1f
26,Jordan Ayew,gh GHA,FW,Crystal Palace,29,1991,22.4,47,2.1,31,1,1,3,8,3,6,0.27,4,0,0,0,1,1,Matches,da052c14
27,Luke Ayling,eng ENG,DF,Leeds United,29,1991,25.2,22,0.87,16,0,0,6,0,0,3,0.12,0,0,0,3,0,0,Matches,420d7c7d
28,C√©sar Azpilicueta,es ESP,DF,Chelsea,31,1989,23,44,1.91,41,0,2,1,0,0,8,0.35,6,0,1,1,0,0,Matches,53cad200
29,Daniel Bachmann,at AUT,GK,Watford,27,1994,12,0,0,0,0,0,0,0,0,0,0,0,0,0,0,0,0,Matches,1c0eea98
30,Leon Bailey,jm JAM,FWMF,Aston Villa,23,1997,8.5,21,2.48,15,1,2,1,2,0,3,0.35,2,0,1,0,0,0,Matches,3a233281
31,Eric Bailly,ci CIV,DF,Manchester Utd,27,1994,2.4,1,0.41,1,0,0,0,0,0,0,0,0,0,0,0,0,0,Matches,a1232f4e
32,Folarin Balogun,eng ENG,FW,Arsenal,20,2001,0.8,0,0,0,0,0,0,0,0,0,0,0,0,0,0,0,0,Matches,31822f8c
33,Patrick Bamford,eng ENG,FW,Leeds United,27,1993,6.2,12,1.93,9,0,1,0,1,1,3,0.48,2,0,1,0,0,0,Matches,93feac6e
34,Shandon Baptiste,gd GRN,MF,Brentford,23,1998,10.1,17,1.68,13,0,1,1,0,2,2,0.2,1,0,0,0,0,1,Matches,2886c9b5
35,Ross Barkley,eng ENG,MF,Chelsea,27,1993,2,18,9.05,12,3,2,0,1,0,3,1.51,3,0,0,0,0,0,Matches,3a24769f
36,Ashley Barnes,eng ENG,FW,Burnley,31,1989,9,21,2.34,15,0,0,2,3,1,1,0.11,1,0,0,0,0,0,Matches,2691c772
37,Harvey Barnes,eng ENG,FWMF,Leicester City,23,1997,23.3,57,2.44,45,0,8,2,2,0,13,0.56,11,0,0,2,0,0,Matches,3ea50f67
38,Lewis Bate,eng ENG,MF,Leeds United,18,2002,1.6,2,1.23,1,0,0,1,0,0,0,0,0,0,0,0,0,0,Matches,cd4256d3
39,Mads Bech S√∏rensen,dk DEN,DF,Brentford,22,1999,9.3,9,0.97,4,5,0,0,0,0,0,0,0,0,0,0,0,0,Matches,30db8574
40,Jan Bednarek,pl POL,DF,Southampton,25,1996,29.2,19,0.65,16,2,0,0,0,1,0,0,0,0,0,0,0,0,Matches,4115ce4e
41,Donny van de Beek,nl NED,MF,Manchester Utd,24,1997,0.8,5,6,4,0,1,0,0,0,0,0,0,0,0,0,0,0,Matches,50dc94ce
42,Donny van de Beek,nl NED,MF,Everton,24,1997,5.4,5,0.93,5,0,0,0,0,0,0,0,0,0,0,0,0,0,Matches,50dc94ce
43,Asmir Begoviƒá,ba BIH,GK,Everton,34,1987,3,0,0,0,0,0,0,0,0,0,0,0,0,0,0,0,0,Matches,7b4de647
44,Sa√Ød Benrahma,dz ALG,FWMF,West Ham,25,1995,24.1,69,2.86,53,0,6,5,4,1,8,0.33,7,0,0,1,0,0,Matches,5a04fd92
45,Rodrigo Bentancur,uy URU,MF,Tottenham,24,1997,15.1,35,2.31,33,0,0,2,0,0,7,0.46,6,0,0,1,0,0,Matches,3b8674e6
46,Christian Benteke,be BEL,FW,Crystal Palace,30,1990,12.7,20,1.57,17,0,1,1,1,0,1,0.08,1,0,0,0,0,0,Matches,ab070c55
47,J√≥hann Berg Gu√∞mundsson,is ISL,MF,Burnley,30,1990,12.2,19,1.55,14,0,1,1,2,1,2,0.16,2,0,0,0,0,0,Matches,f72293fc
48,Steven Bergwijn,nl NED,FWMF,Tottenham,23,1997,6.3,20,3.19,15,1,2,1,1,0,3,0.48,1,0,1,0,1,0,Matches,a29b1131
49,Ryan Bertrand,eng ENG,DF,Leicester City,31,1989,3.7,2,0.53,1,1,0,0,0,0,0,0,0,0,0,0,0,0,Matches,1226327
50,Mads Bidstrup,dk DEN,MF,Brentford,20,2001,0.5,0,0,0,0,0,0,0,0,0,0,0,0,0,0,0,0,Matches,407db0d5
51,Yves Bissouma,ml MLI,MF,Brighton,24,1996,23.5,24,1.02,16,0,4,1,2,1,4,0.17,3,0,0,0,1,0,Matches,6c203af0
52,Willy Boly,ci CIV,DF,Wolves,30,1991,10,2,0.2,1,0,0,0,0,1,0,0,0,0,0,0,0,0,Matches,a4ac4b8f
53,Jarrod Bowen,eng ENG,FW,West Ham,24,1996,33.1,95,2.87,53,19,8,8,4,3,21,0.63,10,4,3,1,3,0,Matches,79c84d1c
54,Jarrad Branthwaite,eng ENG,DF,Everton,19,2002,4.3,0,0,0,0,0,0,0,0,0,0,0,0,0,0,0,0,Matches,c1949191
55,Armando Broja,al ALB,FW,Southampton,19,2001,21.9,37,1.69,17,0,6,5,5,4,3,0.14,0,0,1,0,2,0,Matches,97220da2
56,Josh Brownhill,eng ENG,MF,Burnley,25,1995,32.8,66,2.01,41,19,2,1,1,2,4,0.12,1,2,1,0,0,0,Matches,47369df8
57,Lewis Brunt,eng ENG,MF,Leicester City,20,2000,0.3,0,0,0,0,0,0,0,0,0,0,0,0,0,0,0,0,Matches,a2081c6b
58,Bryan,es ESP,FWMF,Tottenham,20,2001,1,5,4.79,4,0,0,1,0,0,1,0.96,1,0,0,0,0,0,Matches,7b5ab7f2
59,Emi Buend√≠a,ar ARG,FWMF,Aston Villa,24,1996,21.1,74,3.51,61,3,3,2,5,0,10,0.47,7,0,2,1,0,0,Matches,66b76d44
60,Dan Burn,eng ENG,DF,Newcastle Utd,29,1992,16,4,0.25,3,1,0,0,0,0,1,0.06,1,0,0,0,0,0,Matches,b2d31e83
61,Dan Burn,eng ENG,DF,Brighton,29,1992,11.4,5,0.44,4,0,0,1,0,0,0,0,0,0,0,0,0,0,Matches,b2d31e83
62,Jack Butland,eng ENG,GK,Crystal Palace,28,1993,8.5,0,0,0,0,0,0,0,0,0,0,0,0,0,0,0,0,Matches,cc70a1d5
63,Sam Byram,eng ENG,DF,Norwich City,27,1993,11.4,11,0.96,8,0,1,1,0,1,2,0.18,1,0,0,0,0,1,Matches,1bf811d4
64,Willy Caballero,ar ARG,GK,Southampton,39,1981,2,0,0,0,0,0,0,0,0,0,0,0,0,0,0,0,0,Matches,a179d516
65,Mois√©s Caicedo,ec ECU,MF,Brighton,19,2001,7.3,10,1.36,8,0,1,1,0,0,2,0.27,2,0,0,0,0,0,Matches,16264a81
66,Dominic Calvert-Lewin,eng ENG,FW,Everton,24,1997,14.3,30,2.1,21,1,2,1,4,1,4,0.28,3,0,0,0,1,0,Matches,59e6e5bf
67,Chem Campbell,wls WAL,MF,Wolves,18,2002,0.1,0,0,0,0,0,0,0,0,0,0,0,0,0,0,0,0,Matches,6f711f67
68,Jo√£o Cancelo,pt POR,DF,Manchester City,27,1994,35.9,103,2.87,82,0,7,12,1,1,16,0.45,11,0,1,3,0,1,Matches,bd6351cd
69,Sergi Can√≥s,es ESP,DF,Brentford,24,1997,23.1,35,1.51,28,2,2,2,1,0,5,0.22,4,0,0,1,0,0,Matches,1137759d
70,Todd Cantwell,eng ENG,FWMF,Norwich City,23,1998,4.9,5,1.02,5,0,0,0,0,0,0,0,0,0,0,0,0,0,Matches,f63d8a4b
71,Matty Cash,pl POL,DF,Aston Villa,23,1997,37.5,54,1.44,37,4,4,2,6,1,7,0.19,4,2,1,0,0,0,Matches,2389cdc2
72,Timothy Castagne,be BEL,DF,Leicester City,25,1995,23.6,25,1.06,21,3,0,0,1,0,1,0.04,0,0,0,0,1,0,Matches,197640fd
73,Jonny Castro,es ESP,DF,Wolves,27,1994,11.4,18,1.58,16,0,0,0,1,1,0,0,0,0,0,0,0,0,Matches,e28868f3
74,Craig Cathcart,nir NIR,DF,Watford,32,1989,26.6,5,0.19,5,0,0,0,0,0,0,0,0,0,0,0,0,0,Matches,89e4b358
75,Edinson Cavani,uy URU,FW,Manchester Utd,34,1987,8.5,11,1.29,8,0,0,2,1,0,2,0.23,1,0,0,1,0,0,Matches,527f063d
76,Kayky Chagas,br BRA,FW,Manchester City,18,2003,0.1,0,0,0,0,0,0,0,0,0,0,0,0,0,0,0,0,Matches,17734ea0
77,Trevoh Chalobah,eng ENG,DF,Chelsea,22,1999,16.1,7,0.43,7,0,0,0,0,0,1,0.06,1,0,0,0,0,0,Matches,5515376c
78,Calum Chambers,eng ENG,DF,Arsenal,26,1995,1.9,1,0.53,1,0,0,0,0,0,0,0,0,0,0,0,0,0,Matches,dc6f5bdd
79,Calum Chambers,eng ENG,DF,Aston Villa,26,1995,9.2,13,1.41,12,0,0,1,0,0,1,0.11,1,0,0,0,0,0,Matches,dc6f5bdd
80,Daniel Chesters,eng ENG,MF,West Ham,19,2002,0,0,0,0,0,0,0,0,0,0,0,0,0,0,0,0,0,Matches,240c8ab6
81,Ben Chilwell,eng ENG,DF,Chelsea,24,1996,6,21,3.49,11,7,1,1,0,1,1,0.17,0,1,0,0,0,0,Matches,d2424d1b
82,Chiquinho,pt POR,DFMF,Wolves,21,2000,2.3,10,4.33,7,1,1,0,1,0,3,1.3,3,0,0,0,0,0,Matches,dc6c2f02
83,Hamza Choudhury,eng ENG,DFMF,Leicester City,23,1997,3.2,1,0.32,0,0,0,0,1,0,0,0,0,0,0,0,0,0,Matches,7d2d3329
84,Andreas Christensen,dk DEN,DF,Chelsea,25,1996,16.6,8,0.48,7,0,1,0,0,0,0,0,0,0,0,0,0,0,Matches,1cb49278
85,Carney Chukwuemeka,eng ENG,MFFW,Aston Villa,17,2004,3.3,4,1.2,4,0,0,0,0,0,1,0.3,1,0,0,0,0,0,Matches,b2f9c73e
86,Ciaran Clark,ie IRL,DF,Newcastle Utd,31,1989,11.3,5,0.44,4,0,0,1,0,0,1,0.09,1,0,0,0,0,0,Matches,2b91cf8e
87,Tom Cleverley,eng ENG,MF,Watford,31,1989,18,35,1.95,20,10,0,1,4,0,3,0.17,2,1,0,0,0,0,Matches,6cdd8245
88,Nathaniel Clyne,eng ENG,DF,Crystal Palace,30,1991,15,11,0.73,9,1,0,0,0,1,2,0.13,2,0,0,0,0,0,Matches,0442183b
89,Conor Coady,eng ENG,DF,Wolves,28,1993,37.3,7,0.19,7,0,0,0,0,0,0,0,0,0,0,0,0,0,Matches,2928dca2
90,S√©amus Coleman,ie IRL,DF,Everton,32,1988,29.5,38,1.29,28,3,0,2,3,2,4,0.14,2,0,0,0,2,0,Matches,0420d84f
91,Nathan Collins,ie IRL,DF,Burnley,20,2001,18.6,17,0.92,10,2,1,3,1,0,1,0.05,1,0,0,0,0,0,Matches,a8c19eb8
92,Aaron Connolly,ie IRL,FW,Brighton,21,2000,1.7,2,1.15,2,0,0,0,0,0,0,0,0,0,0,0,0,0,Matches,27c01749
93,Liam Cooper,sct SCO,DF,Leeds United,29,1991,20.2,9,0.45,7,0,0,1,1,0,2,0.1,1,0,0,1,0,0,Matches,dc64b8b3
94,Jack Cork,eng ENG,MF,Burnley,32,1989,18.6,12,0.65,10,0,0,0,1,1,0,0,0,0,0,0,0,0,Matches,74e12f1e
95,Maxwel Cornet,ci CIV,FWMF,Burnley,24,1996,19.6,27,1.38,16,3,1,3,4,0,6,0.31,1,1,1,1,2,0,Matches,beb391dd
96,H√©lder Costa,ao ANG,MF,Leeds United,27,1994,0.2,0,0,0,0,0,0,0,0,0,0,0,0,0,0,0,0,Matches,f13d02a6
97,Vladim√≠r Coufal,cz CZE,DF,West Ham,28,1992,24.5,46,1.87,35,8,0,1,1,1,7,0.29,6,1,0,0,0,0,Matches,fdf3cb77
98,Philippe Coutinho,br BRA,MFFW,Aston Villa,29,1992,14.8,54,3.66,38,4,4,5,3,0,6,0.41,5,0,0,1,0,0,Matches,0ef89a37
99,Aaron Cresswell,eng ENG,DF,West Ham,31,1989,30.3,49,1.62,27,20,0,2,0,0,5,0.17,2,3,0,0,0,0,Matches,4f974391
100,Charlie Cresswell,eng ENG,DF,Leeds United,18,2002,1.6,1,0.64,1,0,0,0,0,0,0,0,0,0,0,0,0,0,Matches,4654e5f5
101,Cucho,co COL,FWMF,Watford,22,1999,12.7,40,3.14,26,4,5,3,1,1,6,0.47,3,1,0,1,0,1,Matches,71b47ab9
102,Marc Cucurella,es ESP,DF,Brighton,23,1998,34.3,78,2.27,66,7,1,2,1,1,2,0.06,1,1,0,0,0,0,Matches,1daec722
103,Luke Cundle,eng ENG,MF,Wolves,19,2002,2,3,1.5,3,0,0,0,0,0,0,0,0,0,0,0,0,0,Matches,cc3b8e78
104,Patson Daka,zm ZAM,FW,Leicester City,22,1998,12.9,24,1.86,21,0,0,1,1,1,7,0.54,5,0,0,1,0,1,Matches,ca45605e
105,Stuart Dallas,nir NIR,DFMF,Leeds United,30,1991,32.4,64,1.97,38,18,2,1,2,3,3,0.09,2,0,0,0,0,1,Matches,67ca8566
106,Diogo Dalot,pt POR,DF,Manchester Utd,22,1999,20,37,1.85,33,1,2,0,1,0,5,0.25,5,0,0,0,0,0,Matches,d9565625
107,Karl Darlow,eng ENG,GK,Newcastle Utd,30,1990,8,0,0,0,0,0,0,0,0,0,0,0,0,0,0,0,0,Matches,cde3309f
108,Josh Dasilva,eng ENG,MFFW,Brentford,22,1998,2.9,5,1.75,4,0,0,0,1,0,0,0,0,0,0,0,0,0,Matches,60344e4f
109,Ben Davies,wls WAL,DF,Tottenham,28,1993,28.2,29,1.03,27,1,0,1,0,0,4,0.14,3,0,0,1,0,0,Matches,44781702
110,Tom Davies,eng ENG,MF,Everton,23,1998,2.6,4,1.54,3,0,0,1,0,0,0,0,0,0,0,0,0,0,Matches,9228b07c
111,Keinan Davis,eng ENG,FW,Aston Villa,23,1998,0.1,0,0,0,0,0,0,0,0,0,0,0,0,0,0,0,0,Matches,9deaf2c8
112,Craig Dawson,eng ENG,DF,West Ham,31,1990,30.6,11,0.36,6,0,1,4,0,0,5,0.16,3,0,0,2,0,0,Matches,3e9e06cb
113,Kevin De Bruyne,be BEL,MF,Manchester City,30,1991,24.5,139,5.68,94,32,3,5,5,0,14,0.57,8,3,2,0,1,0,Matches,e46012d4
114,Troy Deeney,eng ENG,FW,Watford,33,1988,0.3,1,3.6,1,0,0,0,0,0,0,0,0,0,0,0,0,0,Matches,82e34b69
115,Liam Delap,eng ENG,FW,Manchester City,18,2003,0.1,1,9,0,0,0,0,1,0,0,0,0,0,0,0,0,0,Matches,dd897ee7
116,Fabian Delph,eng ENG,MF,Everton,31,1989,7.4,5,0.68,4,0,0,0,0,1,0,0,0,0,0,0,0,0,Matches,111c3236
117,Leander Dendoncker,be BEL,MF,Wolves,26,1995,21.7,28,1.29,26,0,0,1,0,1,8,0.37,6,0,0,1,0,1,Matches,5a7301ae
118,Emmanuel Dennis,ng NGA,FWMF,Watford,23,1997,28.7,91,3.17,54,2,17,8,8,2,12,0.42,7,0,1,2,1,1,Matches,2c44a35d
119,Kiernan Dewsbury Hall,eng ENG,MF,Leicester City,22,1998,23.4,66,2.82,49,3,4,3,5,2,6,0.26,5,1,0,0,0,0,Matches,5c74c0f5
120,Ibrahima Diallo,fr FRA,MF,Southampton,22,1999,11.4,29,2.55,25,0,2,0,1,1,4,0.35,4,0,0,0,0,0,Matches,11ff3d56
121,Raphael Dias Belloli,br BRA,FWMF,Leeds United,24,1996,32.4,119,3.67,66,22,13,9,6,3,9,0.28,4,0,2,0,2,1,Matches,3423f250
122,R√∫ben Dias,pt POR,DF,Manchester City,24,1997,26.7,30,1.12,26,0,0,3,0,1,6,0.22,4,0,0,2,0,0,Matches,31c69ef1
123,Luis D√≠az,co COL,FW,Liverpool,24,1997,10.6,49,4.6,34,0,10,3,0,2,4,0.38,3,0,0,1,0,0,Matches,4a1a9578
124,Eric Dier,eng ENG,DF,Tottenham,27,1994,34.1,28,0.82,22,0,0,4,0,2,4,0.12,2,0,0,2,0,0,Matches,ac861941
125,Lucas Digne,fr FRA,DF,Aston Villa,28,1993,14.1,46,3.26,33,12,1,0,0,0,7,0.5,6,1,0,0,0,0,Matches,1b84dbe1
126,Lucas Digne,fr FRA,DF,Everton,28,1993,13,33,2.54,22,9,1,0,1,0,0,0,0,0,0,0,0,0,Matches,1b84dbe1
127,Virgil van Dijk,nl NED,DF,Liverpool,30,1991,34,24,0.71,18,0,0,6,0,0,6,0.18,4,0,0,2,0,0,Matches,e06683ca
128,Issa Diop,fr FRA,DF,West Ham,24,1997,10.7,2,0.19,2,0,0,0,0,0,1,0.09,1,0,0,0,0,0,Matches,a712ca2b
129,Moussa Djenepo,ml MLI,MF,Southampton,23,1998,5.1,16,3.15,12,0,2,1,1,0,1,0.2,1,0,0,0,0,0,Matches,254147d4
130,Lewis Dobbin,eng ENG,FWMF,Everton,18,2003,0.4,0,0,0,0,0,0,0,0,0,0,0,0,0,0,0,0,Matches,e814e1cf
131,Matt Doherty,ie IRL,DF,Tottenham,29,1992,9.7,23,2.37,19,0,1,3,0,0,4,0.41,4,0,0,0,0,0,Matches,d557d734
132,Gabriel Dos Santos,br BRA,DF,Arsenal,23,1997,34,22,0.65,20,0,0,1,0,1,1,0.03,1,0,0,0,0,0,Matches,67ac5bb8
133,Abdoulaye Doucour√©,ml MLI,MF,Everton,28,1993,28.2,53,1.88,48,0,2,2,0,1,7,0.25,5,0,1,1,0,0,Matches,02b29014
134,Kieran Dowell,eng ENG,FWMF,Norwich City,23,1997,10.1,23,2.27,18,5,0,0,0,0,1,0.1,1,0,0,0,0,0,Matches,2f6ec02a
135,Cody Drameh,eng ENG,DF,Leeds United,19,2001,1.4,2,1.41,2,0,0,0,0,0,0,0,0,0,0,0,0,0,Matches,e0d1510a
136,Martin D√∫bravka,sk SVK,GK,Newcastle Utd,32,1989,26,2,0.08,0,2,0,0,0,0,0,0,0,0,0,0,0,0,Matches,3a949a25
137,Shane Duffy,ie IRL,DF,Brighton,29,1992,16,8,0.5,6,0,0,2,0,0,2,0.13,1,0,0,1,0,0,Matches,7314bba4
138,Paul Dummett,wls WAL,DF,Newcastle Utd,29,1991,2.2,1,0.45,0,1,0,0,0,0,0,0,0,0,0,0,0,0,Matches,3fe6bd8c
139,Lewis Dunk,eng ENG,DF,Brighton,29,1991,28.6,15,0.52,11,1,0,3,0,0,2,0.07,1,1,0,0,0,0,Matches,282f75f3
140,Ederson,br BRA,GK,Manchester City,27,1993,37,4,0.11,2,2,0,0,0,0,0,0,0,0,0,0,0,0,Matches,3bb7b8b4
141,Odsonne √âdouard,fr FRA,FW,Crystal Palace,23,1998,17.4,39,2.24,26,0,4,5,0,4,3,0.17,2,0,0,1,0,0,Matches,0562b7f1
142,CJ Egan-Riley,eng ENG,DF,Manchester City,18,2003,0,0,0,0,0,0,0,0,0,0,0,0,0,0,0,0,0,Matches,d313e8ff
143,Anthony Elanga,se SWE,FW,Manchester Utd,19,2002,13.5,18,1.33,9,0,3,0,4,2,5,0.37,2,0,1,0,1,1,Matches,2fba6108
144,Harvey Elliott,eng ENG,MF,Liverpool,18,2003,3.8,21,5.46,14,1,1,3,2,0,1,0.26,1,0,0,0,0,0,Matches,c8387671
145,Mohamed Elneny,eg EGY,MF,Arsenal,29,1992,9,13,1.45,13,0,0,0,0,0,2,0.22,2,0,0,0,0,0,Matches,47a34c4f
146,Mohamed Elyounoussi,no NOR,MFFW,Southampton,26,1994,22.7,52,2.29,41,0,2,5,3,1,5,0.22,3,0,0,2,0,0,Matches,68dc0dac
147,Emerson,br BRA,DF,Tottenham,22,1999,25.4,49,1.93,40,0,4,2,1,2,4,0.16,4,0,0,0,0,0,Matches,df8b52a5
148,Christian Eriksen,dk DEN,MF,Brentford,29,1992,10.4,53,5.08,26,24,0,1,2,0,7,0.67,3,3,0,0,1,0,Matches,980522ec
149,Oghenekaro Etebo,ng NGA,MF,Watford,25,1995,4.5,4,0.9,4,0,0,0,0,0,0,0,0,0,0,0,0,0,Matches,b579e83d
150,Jonny Evans,nir NIR,DF,Leicester City,33,1988,15,8,0.53,7,1,0,0,0,0,2,0.13,1,1,0,0,0,0,Matches,f8fcd2a5
151,Eberechi Eze,eng ENG,MFFW,Crystal Palace,23,1998,6.7,22,3.27,11,7,1,1,1,1,2,0.3,1,1,0,0,0,0,Matches,ae4fc6a4
152,≈Åukasz Fabia≈Ñski,pl POL,GK,West Ham,36,1985,37,3,0.08,2,1,0,0,0,0,0,0,0,0,0,0,0,0,Matches,9328b835
153,Fabinho,br BRA,MF,Liverpool,27,1993,25.7,39,1.52,31,0,0,3,4,1,5,0.19,3,0,0,2,0,0,Matches,7f3b388c
154,Kiko Femen√≠a,es ESP,DF,Watford,30,1991,23.8,39,1.64,27,12,0,0,0,0,6,0.25,5,1,0,0,0,0,Matches,e5d01ecf
155,Evan Ferguson,ie IRL,MF,Brighton,16,2004,0.3,0,0,0,0,0,0,0,0,0,0,0,0,0,0,0,0,Matches,4596da74
156,Nathan Ferguson,eng ENG,DF,Crystal Palace,20,2000,0.1,0,0,0,0,0,0,0,0,0,0,0,0,0,0,0,0,Matches,2f8d27bc
157,Bruno Fernandes,pt POR,MF,Manchester Utd,26,1994,34.6,145,4.19,109,18,4,7,4,3,10,0.29,8,0,1,1,0,0,Matches,507c7bdf
158,√Ålvaro Fern√°ndez,es ESP,GK,Brentford,23,1998,12,0,0,0,0,0,0,0,0,0,0,0,0,0,0,0,0,Matches,f127d782
159,Federico Fern√°ndez,ar ARG,DF,Newcastle Utd,32,1989,5.8,3,0.52,1,0,0,2,0,0,1,0.17,0,0,0,1,0,0,Matches,f25b010f
160,Fernandinho,br BRA,MFDF,Manchester City,36,1985,10.7,30,2.8,24,0,0,4,2,0,4,0.37,4,0,0,0,0,0,Matches,101da2b5
161,Roberto Firmino,br BRA,FW,Liverpool,29,1991,11,37,3.36,32,0,1,3,0,1,6,0.55,4,0,0,1,0,1,Matches,4c370d81
162,Junior Firpo,es ESP,DF,Leeds United,24,1996,19,43,2.26,34,4,1,1,1,2,4,0.21,2,1,0,0,0,1,Matches,24f59bb2
163,Ashley Fletcher,eng ENG,FW,Watford,25,1995,0.3,2,6,1,0,0,1,0,0,0,0,0,0,0,0,0,0,Matches,eeb6551f
164,Phil Foden,eng ENG,FW,Manchester City,21,2000,23.6,83,3.51,57,13,3,6,3,1,13,0.55,8,3,0,2,0,0,Matches,ed1e53f3
165,Wesley Fofana,fr FRA,DF,Leicester City,20,2000,7,4,0.57,4,0,0,0,0,0,0,0,0,0,0,0,0,0,Matches,132a82f1
166,Pablo Fornals,es ESP,FWMF,West Ham,25,1996,31.1,87,2.8,67,8,4,5,2,1,9,0.29,7,1,0,1,0,0,Matches,82927de4
167,Adam Forshaw,eng ENG,MF,Leeds United,29,1991,17,27,1.59,26,0,0,1,0,0,1,0.06,1,0,0,0,0,0,Matches,9f1938ab
168,Marcus Forss,fi FIN,FWMF,Brentford,22,1999,2.3,2,0.86,1,0,0,1,0,0,1,0.43,0,0,0,1,0,0,Matches,82c215a0
169,Fraser Forster,eng ENG,GK,Southampton,33,1988,19,2,0.11,0,2,0,0,0,0,0,0,0,0,0,0,0,0,Matches,c3e39f12
170,Ben Foster,eng ENG,GK,Watford,38,1983,26,7,0.27,7,0,0,0,0,0,1,0.04,1,0,0,0,0,0,Matches,d0b3ceb9
171,Tariqe Fosu,gh GHA,DF,Brentford,25,1995,0.2,0,0,0,0,0,0,0,0,0,0,0,0,0,0,0,0,Matches,3dcef539
172,Ryan Fraser,sct SCO,FWMF,Newcastle Utd,27,1994,16.3,47,2.89,28,8,0,5,5,1,6,0.37,3,1,0,1,1,0,Matches,d56543a0
173,Fred,br BRA,MF,Manchester Utd,28,1993,22.5,57,2.53,47,0,1,1,4,4,8,0.36,6,0,0,0,1,1,Matches,b853e0ad
174,Ryan Fredericks,eng ENG,DF,West Ham,28,1992,3.4,2,0.59,2,0,0,0,0,0,0,0,0,0,0,0,0,0,Matches,c067631c
175,Leo Fuhr Hjelde,no NOR,DF,Leeds United,17,2003,1.7,3,1.8,3,0,0,0,0,0,0,0,0,0,0,0,0,0,Matches,d102b8a2
176,Conor Gallagher,eng ENG,MF,Crystal Palace,21,2000,31.6,89,2.82,44,23,3,7,10,2,13,0.41,8,1,2,0,1,1,Matches,c2731c10
177,Alejandro Garnacho,es ESP,FW,Manchester Utd,17,2004,0.1,0,0,0,0,0,0,0,0,0,0,0,0,0,0,0,0,Matches,7aa8adfe
178,Dwight Gayle,eng ENG,FW,Newcastle Utd,30,1990,0.4,2,4.74,2,0,0,0,0,0,0,0,0,0,0,0,0,0,Matches,e58a03c6
179,Jean-Philippe Gbamin,ci CIV,MF,Everton,25,1995,0.7,0,0,0,0,0,0,0,0,0,0,0,0,0,0,0,0,Matches,6bd603db
180,David de Gea,es ESP,GK,Manchester Utd,30,1990,38,3,0.08,3,0,0,0,0,0,0,0,0,0,0,0,0,0,Matches,7ba6d84e
181,Joe Gelhardt,eng ENG,FWMF,Leeds United,19,2002,8.3,22,2.65,14,0,3,1,4,0,6,0.72,2,0,2,0,2,0,Matches,01962d0d
182,Anwar El Ghazi,nl NED,FWMF,Aston Villa,26,1995,4.3,11,2.56,8,1,1,0,1,0,2,0.47,2,0,0,0,0,0,Matches,ffa90327
183,Anwar El Ghazi,nl NED,FW,Everton,26,1995,0.1,0,0,0,0,0,0,0,0,0,0,0,0,0,0,0,0,Matches,ffa90327
184,Saman Ghoddos,ir IRN,DFMF,Brentford,27,1993,6,25,4.2,18,2,0,1,3,1,2,0.34,1,0,0,0,1,0,Matches,f7b1d4e0
185,Dimitris Giannoulis,gr GRE,DF,Norwich City,25,1995,13,17,1.31,14,1,0,0,2,0,2,0.15,2,0,0,0,0,0,Matches,112c495e
186,Morgan Gibbs-White,eng ENG,FWMF,Wolves,21,2000,0.1,0,0,0,0,0,0,0,0,0,0,0,0,0,0,0,0,Matches,32f60ed8
187,Ben Gibson,eng ENG,DF,Norwich City,28,1993,27.7,11,0.4,10,0,0,0,0,1,1,0.04,1,0,0,0,0,0,Matches,bcfb0142
188,Billy Gilmour,sct SCO,MF,Norwich City,20,2001,20.6,48,2.33,21,22,1,3,0,1,1,0.05,0,1,0,0,0,0,Matches,df10e27c
189,Ben Godfrey,eng ENG,DF,Everton,23,1998,22.5,31,1.38,24,2,1,2,0,2,2,0.09,1,0,0,1,0,0,Matches,9f7c837d
190,Andr√© Gomes,pt POR,MF,Everton,28,1993,6.9,13,1.89,9,0,2,1,1,0,2,0.29,1,0,1,0,0,0,Matches,1961b2aa
191,Toti Gomes,pt POR,DF,Wolves,22,1999,4,0,0,0,0,0,0,0,0,0,0,0,0,0,0,0,0,Matches,f0caab96
192,Joe Gomez,eng ENG,DF,Liverpool,24,1997,3.7,8,2.18,7,0,0,0,1,0,2,0.54,2,0,0,0,0,0,Matches,7a11550b
193,Charlie Goode,eng ENG,DF,Brentford,25,1995,5,12,2.4,2,7,1,1,0,1,0,0,0,0,0,0,0,0,Matches,7aee4dd3
194,Anthony Gordon,eng ENG,MFFW,Everton,20,2001,25.4,73,2.88,38,14,5,2,12,2,5,0.2,1,2,0,0,2,0,Matches,2bd83368
195,Kaide Gordon,eng ENG,FW,Liverpool,16,2004,0.1,0,0,0,0,0,0,0,0,0,0,0,0,0,0,0,0,Matches,19a9cb70
196,Dan Gosling,eng ENG,MF,Watford,31,1990,1.8,2,1.08,1,0,0,0,1,0,0,0,0,0,0,0,0,0,Matches,7fec31a0
197,Demarai Gray,eng ENG,MFFW,Everton,25,1996,26,83,3.2,48,13,12,4,6,0,6,0.23,3,1,1,1,0,0,Matches,4468ec10
198,Jack Grealish,eng ENG,FW,Manchester City,25,1995,21.3,110,5.17,87,1,5,5,11,1,7,0.33,7,0,0,0,0,0,Matches,b0b4fd3e
199,Mason Greenwood,eng ENG,FWMF,Manchester Utd,19,2001,14.1,44,3.12,37,0,4,1,2,0,7,0.5,6,0,0,1,0,0,Matches,58eee997
200,Sam Greenwood,eng ENG,MFFW,Leeds United,19,2002,2.6,6,2.28,5,0,0,1,0,0,2,0.76,2,0,0,0,0,0,Matches,f3354c07
201,Pascal Gro√ü,de GER,MFDF,Brighton,30,1991,22.6,91,4.02,49,37,1,4,0,0,7,0.31,2,3,1,1,0,0,Matches,8aec0537
202,Vicente Guaita,es ESP,GK,Crystal Palace,34,1987,29.5,1,0.03,1,0,0,0,0,0,0,0,0,0,0,0,0,0,Matches,ab13a5aa
203,Marc Gu√©hi,eng ENG,DF,Crystal Palace,21,2000,35.8,21,0.59,18,0,0,2,0,1,2,0.06,1,0,0,1,0,0,Matches,d0706b27
204,Bruno Guimar√£es,br BRA,MF,Newcastle Utd,23,1997,11.5,24,2.09,19,0,1,2,0,2,3,0.26,1,0,0,1,0,1,Matches,82518f62
205,ƒ∞lkay G√ºndoƒüan,de GER,MF,Manchester City,30,1990,20.6,71,3.44,52,12,5,1,0,1,7,0.34,6,0,1,0,0,0,Matches,819b3158
206,Angus Gunn,eng ENG,GK,Norwich City,25,1996,9,0,0,0,0,0,0,0,0,0,0,0,0,0,0,0,0,Matches,e082af5b
207,Grant Hanley,sct SCO,DF,Norwich City,29,1991,32.2,10,0.31,5,1,0,4,0,0,0,0,0,0,0,0,0,0,Matches,e9254eec
208,Jack Harrison,eng ENG,FWMF,Leeds United,24,1996,29.3,79,2.69,52,7,8,6,5,1,3,0.1,1,0,1,1,0,0,Matches,aa849a12
209,Kortney Hause,eng ENG,DF,Aston Villa,26,1995,4.4,0,0,0,0,0,0,0,0,0,0,0,0,0,0,0,0,Matches,bf8fad51
210,Kai Havertz,de GER,FWMF,Chelsea,22,1999,20.1,53,2.64,40,0,2,6,5,0,7,0.35,4,0,1,1,1,0,Matches,fed7cb61
211,Isaac Hayden,eng ENG,MFDF,Newcastle Utd,26,1995,11.1,6,0.54,6,0,0,0,0,0,0,0,0,0,0,0,0,0,Matches,c951a6df
212,Hwang Hee-chan,kr KOR,FWMF,Wolves,25,1996,20.2,34,1.69,23,0,3,3,3,2,3,0.15,1,0,1,0,0,1,Matches,169fd162
213,Jordan Henderson,eng ENG,MF,Liverpool,31,1990,28.9,78,2.7,71,4,2,0,0,1,11,0.38,11,0,0,0,0,0,Matches,935e6b8f
214,Jeff Hendrick,ie IRL,MF,Newcastle Utd,29,1992,0.8,1,1.25,1,0,0,0,0,0,0,0,0,0,0,0,0,0,Matches,989d5705
215,Wayne Hennessey,wls WAL,GK,Burnley,34,1987,2,3,1.5,1,2,0,0,0,0,0,0,0,0,0,0,0,0,Matches,76eca7e2
216,Rico Henry,eng ENG,DF,Brentford,24,1997,30.8,41,1.33,36,1,3,0,1,0,1,0.03,1,0,0,0,0,0,Matches,8a3c1dc7
217,Son Heung-min,kr KOR,FWMF,Tottenham,29,1992,33.4,129,3.86,75,35,4,8,6,1,15,0.45,8,4,0,0,3,0,Matches,92e7e919
218,Ki-Jana Hoever,nl NED,DF,Wolves,19,2002,3.4,3,0.88,3,0,0,0,0,0,0,0,0,0,0,0,0,0,Matches,9a71e978
219,Rob Holding,eng ENG,DF,Arsenal,25,1995,9.4,3,0.32,3,0,0,0,0,0,0,0,0,0,0,0,0,0,Matches,d79a8c87
220,Mason Holgate,eng ENG,DF,Everton,24,1996,23.7,3,0.13,3,0,0,0,0,0,1,0.04,1,0,0,0,0,0,Matches,d0042ab9
221,Callum Hudson-Odoi,eng ENG,FWMF,Chelsea,20,2000,10.7,51,4.77,37,0,7,3,4,0,6,0.56,4,0,0,0,2,0,Matches,15f3ec41
222,Will Hughes,eng ENG,MF,Crystal Palace,26,1995,11.7,20,1.71,12,3,0,0,2,3,3,0.26,1,1,0,0,1,0,Matches,a0666d3e
223,Pierre H√∏jbjerg,dk DEN,MF,Tottenham,25,1995,35.5,81,2.28,67,3,5,1,2,3,5,0.14,5,0,0,0,0,0,Matches,8b04d6c1
224,Adam Idah,ie IRL,FWMF,Norwich City,20,2001,6.9,12,1.73,8,1,1,0,2,0,1,0.14,1,0,0,0,0,0,Matches,291e3ec3
225,Kelechi Iheanacho,ng NGA,FW,Leicester City,24,1996,14,36,2.56,28,1,2,2,1,2,8,0.57,5,0,0,1,0,2,Matches,c92e1a31
226,Danny Ings,eng ENG,FW,Aston Villa,29,1992,21.1,31,1.47,24,0,1,4,1,1,8,0.38,8,0,0,0,0,0,Matches,07802f7f
227,Tim Iroegbunam,eng ENG,MF,Aston Villa,18,2003,1,0,0,0,0,0,0,0,0,0,0,0,0,0,0,0,0,Matches,84c5ceea
228,Alex Iwobi,ng NGA,MFDF,Everton,25,1996,22.6,62,2.74,58,2,0,1,0,1,6,0.27,6,0,0,0,0,0,Matches,6ca5ec4b
229,Daniel James,wls WAL,FW,Manchester Utd,23,1997,1.4,3,2.14,2,0,0,1,0,0,0,0,0,0,0,0,0,0,Matches,c931d9f9
230,Daniel James,wls WAL,FWMF,Leeds United,23,1997,26.3,53,2.02,36,0,3,6,7,1,5,0.19,3,0,1,0,1,0,Matches,c931d9f9
231,Reece James,eng ENG,DF,Chelsea,21,1999,20.7,79,3.81,61,8,3,4,3,0,11,0.53,9,1,1,0,0,0,Matches,1265a93a
232,Vitaly Janelt,de GER,MF,Brentford,23,1998,25.5,53,2.08,40,3,2,4,3,1,4,0.16,3,0,0,1,0,0,Matches,8449d35e
233,Pontus Jansson,se SWE,DF,Brentford,30,1991,36.9,15,0.41,7,0,0,7,1,0,4,0.11,1,0,0,2,1,0,Matches,172e52d8
234,Mathias Jensen,dk DEN,MF,Brentford,25,1996,17.8,57,3.2,35,19,1,0,0,2,3,0.17,2,1,0,0,0,0,Matches,0f134faf
235,Gabriel Jesus,br BRA,FW,Manchester City,24,1997,20.9,78,3.74,52,0,13,7,4,2,18,0.86,11,0,2,1,2,2,Matches,b66315ae
236,Ra√∫l Jim√©nez,mx MEX,FW,Wolves,30,1991,29.2,67,2.29,47,1,4,7,5,3,15,0.51,7,0,3,3,1,1,Matches,b561db50
237,Joelinton,br BRA,MFFW,Newcastle Utd,24,1996,28.4,64,2.25,44,0,3,8,6,3,6,0.21,4,0,0,1,1,0,Matches,c17bfb65
238,Ben Johnson,eng ENG,DF,West Ham,21,2000,15.5,16,1.03,14,1,0,0,1,0,2,0.13,2,0,0,0,0,0,Matches,9319781b
239,Curtis Jones,eng ENG,MF,Liverpool,20,2001,9.5,26,2.75,15,1,2,3,3,2,2,0.21,1,0,0,1,0,0,Matches,4fb9c88f
240,Phil Jones,eng ENG,DF,Manchester Utd,29,1992,1.8,2,1.1,1,0,0,0,1,0,0,0,0,0,0,0,0,0,Matches,def899bd
241,Jorginho,it ITA,MF,Chelsea,29,1991,25.3,60,2.38,52,1,1,2,2,2,8,0.32,8,0,0,0,0,0,Matches,45db685d
242,Diogo Jota,pt POR,FW,Liverpool,24,1996,26.3,87,3.31,58,0,12,4,9,4,14,0.53,7,0,4,1,2,0,Matches,178ae8f8
243,James Justin,eng ENG,DF,Leicester City,23,1998,11.1,16,1.44,15,0,0,0,1,0,1,0.09,1,0,0,0,0,0,Matches,fb614c44
244,Mathias J√∏rgensen,dk DEN,DF,Brentford,31,1990,5.8,6,1.04,3,2,0,1,0,0,0,0,0,0,0,0,0,0,Matches,0db5d2c8
245,Ozan Kabak,tr TUR,DF,Norwich City,21,2000,10.2,10,0.98,4,0,1,1,3,1,0,0,0,0,0,0,0,0,Matches,2d61d13a
246,Christian Kabasele,be BEL,DF,Watford,30,1991,13.3,5,0.38,4,0,0,1,0,0,0,0,0,0,0,0,0,0,Matches,914ab9a1
247,Samuel Kalu,ng NGA,FW,Watford,23,1997,2.5,6,2.43,3,0,0,0,2,1,0,0,0,0,0,0,0,0,Matches,b8d22478
248,Hassane Kamara,ci CIV,DF,Watford,27,1994,18,21,1.16,16,0,1,1,0,3,0,0,0,0,0,0,0,0,Matches,19a12bed
249,Harry Kane,eng ENG,FW,Tottenham,28,1993,35.9,117,3.26,86,2,10,11,6,2,21,0.58,17,0,1,3,0,0,Matches,21a66f6a
250,N'Golo Kant√©,fr FRA,MF,Chelsea,30,1991,19.7,61,3.1,52,0,4,2,0,3,13,0.66,11,0,1,1,0,0,Matches,b9fbae28
251,Edo Kayembe,cd COD,MF,Watford,22,1998,8.9,13,1.46,12,0,0,1,0,0,0,0,0,0,0,0,0,0,Matches,f99b71de
252,Moise Kean,it ITA,FW,Everton,21,2000,0,0,0,0,0,0,0,0,0,0,0,0,0,0,0,0,0,Matches,3d50bcdb
253,Michael Keane,eng ENG,DF,Everton,28,1993,31,14,0.45,9,2,0,3,0,0,1,0.03,1,0,0,0,0,0,Matches,c5b7c315
254,Naby Ke√Øta,gn GUI,MF,Liverpool,26,1995,13,43,3.3,33,0,3,4,0,3,6,0.46,4,0,1,1,0,0,Matches,f25c8e3a
255,Caoimh√≠n Kelleher,ie IRL,GK,Liverpool,22,1998,2,0,0,0,0,0,0,0,0,0,0,0,0,0,0,0,0,Matches,62d7ef38
256,Kenedy,br BRA,DF,Chelsea,25,1996,0.6,3,4.66,2,0,0,1,0,0,1,1.55,1,0,0,0,0,0,Matches,5eebbfdf
257,Jonjoe Kenny,eng ENG,DF,Everton,24,1997,11.3,20,1.77,15,2,2,1,0,0,2,0.18,2,0,0,0,0,0,Matches,099e666f
258,Max Kilman,eng ENG,DF,Wolves,24,1997,29.9,9,0.3,6,0,1,1,0,1,1,0.03,0,0,0,1,0,0,Matches,d0f72bf1
259,Joshua King,no NOR,FW,Watford,29,1992,25,60,2.4,46,0,4,4,5,1,7,0.28,5,0,1,1,0,0,Matches,43458538
260,Kristoffer Klaesson,no NOR,GK,Leeds United,20,2000,0.4,0,0,0,0,0,0,0,0,0,0,0,0,0,0,0,0,Matches,3f70db80
261,Mateusz Klich,pl POL,MF,Leeds United,31,1990,23,68,2.95,54,3,3,4,3,1,6,0.26,5,0,0,1,0,0,Matches,282679b4
262,Robin Koch,de GER,MFDF,Leeds United,25,1996,17.5,18,1.03,16,0,0,1,1,0,1,0.06,1,0,0,0,0,0,Matches,ea6bc03a
263,Sead Kola≈°inac,ba BIH,DF,Arsenal,28,1993,1,0,0,0,0,0,0,0,0,0,0,0,0,0,0,0,0,Matches,3935e52e
264,Ibrahima Konat√©,fr FRA,DF,Liverpool,22,1999,11,6,0.55,6,0,0,0,0,0,2,0.18,2,0,0,0,0,0,Matches,5ed9b537
265,Ezri Konsa,eng ENG,DF,Aston Villa,23,1997,27.5,10,0.36,8,0,0,1,0,1,0,0,0,0,0,0,0,0,Matches,0313a347
266,Cheikhou Kouyat√©,sn SEN,MF,Crystal Palace,31,1989,21.9,17,0.78,14,0,2,0,0,1,1,0.05,1,0,0,0,0,0,Matches,8d3c902d
267,Mateo Kovaƒçiƒá,hr CRO,MF,Chelsea,27,1994,17.3,58,3.35,50,0,2,3,3,0,6,0.35,6,0,0,0,0,0,Matches,79c0821a
268,Emil Krafth,se SWE,DF,Newcastle Utd,26,1994,18.2,13,0.72,7,4,1,1,0,0,1,0.06,1,0,0,0,0,0,Matches,77cf6852
269,Alex Kr√°l,cz CZE,MF,West Ham,23,1998,0,0,0,0,0,0,0,0,0,0,0,0,0,0,0,0,0,Matches,e717705a
270,Tim Krul,nl NED,GK,Norwich City,33,1988,29,5,0.17,3,2,0,0,0,0,0,0,0,0,0,0,0,0,Matches,f23f9d20
271,Juraj Kucka,sk SVK,MF,Watford,34,1987,21.3,37,1.73,23,0,5,2,5,2,2,0.09,1,0,0,0,1,0,Matches,5aaef9ef
272,Dejan Kulusevski,se SWE,MFFW,Tottenham,21,2000,14,47,3.35,35,0,6,5,1,0,14,1,10,0,3,1,0,0,Matches,df3cda47
273,Alexandre Lacazette,fr FRA,FWMF,Arsenal,30,1991,19.8,65,3.28,43,0,7,4,9,2,9,0.45,6,0,0,1,1,1,Matches,9dbb75ca
274,Adam Lallana,eng ENG,MF,Brighton,33,1988,17.3,27,1.56,23,0,1,0,2,1,3,0.17,3,0,0,0,0,0,Matches,99813635
275,Tariq Lamptey,eng ENG,DFFW,Brighton,20,2000,17.3,47,2.71,33,0,4,3,4,3,2,0.12,2,0,0,0,0,0,Matches,f4e433d4
276,Manuel Lanzini,ar ARG,MFFW,West Ham,28,1993,19.8,55,2.77,45,5,2,0,2,1,10,0.5,6,1,1,0,1,1,Matches,26f6dca8
277,Aymeric Laporte,es ESP,DF,Manchester City,27,1994,31.4,30,0.95,26,0,0,3,1,0,4,0.13,2,0,0,1,1,0,Matches,119b9a8e
278,Jamaal Lascelles,eng ENG,DF,Newcastle Utd,27,1993,22.9,6,0.26,6,0,0,0,0,0,1,0.04,1,0,0,0,0,0,Matches,450ab6fc
279,Pierre Lees-Melou,fr FRA,MF,Norwich City,28,1993,25.2,52,2.07,44,1,1,1,1,4,1,0.04,0,0,0,0,1,0,Matches,f5044e54
280,Aaron Lennon,eng ENG,MF,Burnley,34,1987,17.2,32,1.86,20,0,5,1,6,0,5,0.29,1,0,2,0,2,0,Matches,2ff964a0
281,Bernd Leno,de GER,GK,Arsenal,29,1992,4,0,0,0,0,0,0,0,0,0,0,0,0,0,0,0,0,Matches,2628fd2b
282,Jamal Lewis,nir NIR,DF,Newcastle Utd,23,1998,2.9,2,0.69,2,0,0,0,0,0,1,0.34,1,0,0,0,0,0,Matches,efb9215a
283,Victor Lindel√∂f,se SWE,DF,Manchester Utd,27,1994,26.2,10,0.38,10,0,0,0,0,0,3,0.11,3,0,0,0,0,0,Matches,f5deef4c
284,Jesse Lingard,eng ENG,FWMF,Manchester Utd,28,1992,4.1,15,3.68,12,0,0,2,1,0,1,0.25,0,0,0,1,0,0,Matches,810e3c74
285,Valentino Livramento,eng ENG,DF,Southampton,18,2002,24.5,40,1.63,37,0,1,0,2,0,2,0.08,1,0,0,0,1,0,Matches,afed6722
286,Diego Llorente,es ESP,DF,Leeds United,27,1993,26,6,0.23,6,0,0,0,0,0,0,0,0,0,0,0,0,0,Matches,bba30585
287,Hugo Lloris,fr FRA,GK,Tottenham,34,1986,38,6,0.16,6,0,0,0,0,0,2,0.05,2,0,0,0,0,0,Matches,8f62b6ee
288,Giovani Lo Celso,ar ARG,MFFW,Tottenham,25,1996,2.6,10,3.78,5,2,0,1,2,0,0,0,0,0,0,0,0,0,Matches,d7553721
289,J√ºrgen Locadia,nl NED,FW,Brighton,27,1993,0.3,0,0,0,0,0,0,0,0,0,0,0,0,0,0,0,0,Matches,6cc47ae1
290,Ruben Loftus-Cheek,eng ENG,MFDF,Chelsea,25,1996,15.5,52,3.36,39,0,3,4,3,3,7,0.45,4,0,0,2,0,1,Matches,e97fd090
291,Kevin Long,ie IRL,DF,Burnley,30,1990,4.6,1,0.22,1,0,0,0,0,0,0,0,0,0,0,0,0,0,Matches,5a4280b1
292,Shane Long,ie IRL,FW,Southampton,34,1987,3.4,5,1.46,2,0,0,0,3,0,0,0,0,0,0,0,0,0,Matches,9f472354
293,Sean Longstaff,eng ENG,MF,Newcastle Utd,23,1997,16.3,24,1.48,20,1,0,1,0,2,4,0.25,3,0,0,0,0,1,Matches,a2b105e0
294,Ademola Lookman,ng NGA,FWMF,Leicester City,23,1997,16.1,40,2.48,30,1,4,2,2,1,2,0.12,1,0,0,0,1,0,Matches,7c104bb7
295,Jonas L√∂ssl,dk DEN,GK,Brentford,32,1989,2,0,0,0,0,0,0,0,0,0,0,0,0,0,0,0,0,Matches,939bc634
296,Imran Louza,ma MAR,MF,Watford,22,1999,15.7,30,1.91,13,11,1,2,1,2,1,0.06,1,0,0,0,0,0,Matches,e1df6989
297,Matthew Lowton,eng ENG,DF,Burnley,32,1989,19.7,33,1.68,25,4,0,1,2,1,2,0.1,1,0,0,1,0,0,Matches,9a9c05db
298,Douglas Luiz,br BRA,MF,Aston Villa,23,1998,30.2,75,2.49,46,19,1,3,6,0,8,0.27,3,2,0,2,1,0,Matches,6f7d826d
299,Romelu Lukaku,be BEL,FW,Chelsea,28,1993,17.7,44,2.49,30,0,4,2,6,2,5,0.28,0,0,1,0,3,1,Matches,5eae500a
300,Lyanco,br BRA,DF,Southampton,24,1997,10.1,9,0.89,6,0,0,1,0,2,1,0.1,1,0,0,0,0,0,Matches,b5bf1770
301,Alexis Mac Allister,ar ARG,MFFW,Brighton,22,1998,23.6,66,2.8,46,9,1,2,4,4,4,0.17,1,2,0,1,0,0,Matches,83d074ff
302,James Maddison,eng ENG,MFFW,Leicester City,24,1996,27.3,100,3.66,56,12,9,8,12,3,19,0.7,13,1,1,1,2,1,Matches,ee38d9c5
303,Harry Maguire,eng ENG,DF,Manchester Utd,28,1993,27.9,20,0.72,11,2,1,4,1,1,1,0.04,1,0,0,0,0,0,Matches,d8931174
304,Riyad Mahrez,dz ALG,FW,Manchester City,30,1991,16.6,64,3.85,49,9,1,3,1,1,7,0.42,4,2,0,1,0,0,Matches,892d5bb1
305,Ainsley Maitland-Niles,eng ENG,MF,Arsenal,23,1997,3,8,2.69,5,1,0,1,0,1,0,0,0,0,0,0,0,0,Matches,e3a5814e
306,Sadio Man√©,sn SEN,FW,Liverpool,29,1992,31.3,97,3.1,67,0,5,14,8,3,13,0.42,7,0,1,4,1,0,Matches,c691bfe2
307,Javier Manquillo,es ESP,DF,Newcastle Utd,27,1994,14,9,0.64,8,0,0,0,1,0,4,0.29,3,0,0,0,1,0,Matches,758dd7f0
308,Fernando Mar√ßal,br BRA,DF,Wolves,32,1989,16.1,17,1.06,15,0,0,1,1,0,1,0.06,0,0,0,1,0,0,Matches,9ae9eaea
309,Solly March,eng ENG,DFFW,Brighton,27,1994,19.4,67,3.45,41,14,7,0,3,2,4,0.21,3,0,0,0,1,0,Matches,bb5fbd2b
310,Pablo Mar√≠,es ESP,DF,Arsenal,27,1993,2,1,0.5,1,0,0,0,0,0,0,0,0,0,0,0,0,0,Matches,aa54ec6f
311,Anthony Martial,fr FRA,FW,Manchester Utd,25,1995,2.4,3,1.27,3,0,0,0,0,0,2,0.85,2,0,0,0,0,0,Matches,8b788c01
312,Martinelli,br BRA,FWMF,Arsenal,20,2001,20.7,70,3.39,47,4,8,7,2,2,11,0.53,6,2,1,2,0,0,Matches,48a5a5d6
313,Emiliano Mart√≠nez,ar ARG,GK,Aston Villa,28,1992,36,3,0.08,3,0,0,0,0,0,1,0.03,1,0,0,0,0,0,Matches,7956236f
314,Adam Masina,ma MAR,DF,Watford,27,1994,12,11,0.92,6,3,0,0,1,1,1,0.08,1,0,0,0,0,0,Matches,de0f152c
315,Arthur Masuaku,cd COD,DFFW,West Ham,27,1993,7.2,6,0.83,4,2,0,0,0,0,2,0.28,1,1,0,0,0,0,Matches,57df7a11
316,Juan Mata,es ESP,MF,Manchester Utd,33,1988,2.6,6,2.3,6,0,0,0,0,0,0,0,0,0,0,0,0,0,Matches,29733c72
317,Jean-Philippe Mateta,fr FRA,FW,Crystal Palace,24,1997,12.7,18,1.41,15,0,0,3,0,0,2,0.16,1,0,0,1,0,0,Matches,50e6dc35
318,Nemanja Matiƒá,rs SRB,MF,Manchester Utd,32,1988,15.4,28,1.82,25,0,0,0,1,2,5,0.33,5,0,0,0,0,0,Matches,eb7822d7
319,Jo√´l Matip,cm CMR,DF,Liverpool,29,1991,31,34,1.1,26,0,0,7,1,0,9,0.29,7,0,0,1,1,0,Matches,b217ef29
320,Neal Maupay,fr FRA,FW,Brighton,24,1996,25.3,64,2.53,46,0,7,6,5,0,3,0.12,3,0,0,0,0,0,Matches,4bcf39f6
321,Bryan Mbeumo,fr FRA,FW,Brentford,21,1999,32.3,77,2.39,49,9,8,5,5,1,12,0.37,10,1,0,0,1,0,Matches,6afaebf2
322,James McArthur,sct SCO,MF,Crystal Palace,33,1987,16,29,1.81,25,1,1,0,1,1,3,0.19,3,0,0,0,0,0,Matches,cee31595
323,James Mcatee,eng ENG,MFFW,Manchester City,18,2002,0.2,0,0,0,0,0,0,0,0,0,0,0,0,0,0,0,0,Matches,9.66E+93
324,Kasey McAteer,eng ENG,FW,Leicester City,19,2001,0,0,0,0,0,0,0,0,0,0,0,0,0,0,0,0,0,Matches,b2c66859
325,Liam McCarron,sct SCO,FW,Leeds United,20,2001,0.1,0,0,0,0,0,0,0,0,0,0,0,0,0,0,0,0,Matches,076bb352
326,Alex McCarthy,eng ENG,GK,Southampton,31,1989,17,1,0.06,1,0,0,0,0,0,0,0,0,0,0,0,0,0,Matches,36c2ca73
327,John McGinn,sct SCO,MF,Aston Villa,26,1994,34.3,96,2.8,66,20,3,2,4,1,5,0.15,4,1,0,0,0,0,Matches,90f91999
328,Stuart McKinstry,sct SCO,MF,Leeds United,18,2002,0,0,0,0,0,0,0,0,0,0,0,0,0,0,0,0,0,Matches,1000a059
329,Kenny McLean,sct SCO,MF,Norwich City,29,1992,30.1,34,1.13,27,2,0,2,0,3,2,0.07,2,0,0,0,0,0,Matches,471f16b3
330,Dwight McNeil,eng ENG,MF,Burnley,21,1999,34.5,97,2.81,52,22,5,6,10,2,5,0.14,3,2,0,0,0,0,Matches,fc15fb84
331,Scott McTominay,sct SCO,MF,Manchester Utd,24,1996,26.5,45,1.7,37,0,3,1,2,2,6,0.23,4,0,0,1,0,1,Matches,d93c2511
332,Ben Mee,eng ENG,DF,Burnley,31,1989,20.4,8,0.39,5,0,0,2,1,0,0,0,0,0,0,0,0,0,Matches,8df7a2fb
333,Hannibal Mejbri,tn TUN,FW,Manchester Utd,18,2003,0.8,0,0,0,0,0,0,0,0,0,0,0,0,0,0,0,0,Matches,ca22ccb0
334,Benjamin Mendy,fr FRA,DF,Manchester City,27,1994,0.9,4,4.62,4,0,0,0,0,0,0,0,0,0,0,0,0,0,Matches,5271c8f1
335,Edouard Mendy,sn SEN,GK,Chelsea,29,1992,34,2,0.06,2,0,0,0,0,0,0,0,0,0,0,0,0,0,Matches,33887998
336,Nampalys Mendy,sn SEN,MF,Leicester City,29,1992,11.5,6,0.52,5,0,0,0,0,1,3,0.26,3,0,0,0,0,0,Matches,1598599e
337,Illan Meslier,fr FRA,GK,Leeds United,21,2000,37.6,2,0.05,1,1,0,0,0,0,0,0,0,0,0,0,0,0,Matches,6b625ac2
338,Luka Milivojeviƒá,rs SRB,MF,Crystal Palace,30,1991,8.6,16,1.86,6,9,0,0,1,0,1,0.12,1,0,0,0,0,0,Matches,2ce2508a
339,James Milner,eng ENG,MFDF,Liverpool,35,1986,9.5,31,3.27,23,6,1,1,0,0,1,0.11,1,0,0,0,0,0,Matches,2f90f6b8
340,Yerry Mina,co COL,DF,Everton,26,1994,9.4,3,0.32,2,0,0,0,0,1,0,0,0,0,0,0,0,0,Matches,6d5701f2
341,Takumi Minamino,jp JPN,FWMF,Liverpool,26,1995,2.1,7,3.39,5,0,0,0,1,1,1,0.48,1,0,0,0,0,0,Matches,f833a830
342,Tyrone Mings,eng ENG,DF,Aston Villa,28,1993,35.4,26,0.73,20,0,0,3,2,1,4,0.11,3,0,0,1,0,0,Matches,8397a50c
343,Tyrick Mitchell,eng ENG,DF,Crystal Palace,21,1999,34.5,41,1.19,35,2,1,1,1,1,5,0.15,5,0,0,0,0,0,Matches,5cbd1eb0
344,Jakub Moder,pl POL,MFFW,Brighton,22,1999,18.9,37,1.96,23,3,3,6,0,2,4,0.21,3,0,0,1,0,0,Matches,f230bc30
345,Wesley Moraes,br BRA,FW,Aston Villa,24,1996,0,0,0,0,0,0,0,0,0,0,0,0,0,0,0,0,0,Matches,bfae110f
346,Tyler Morton,eng ENG,MF,Liverpool,18,2002,0.7,1,1.36,1,0,0,0,0,0,0,0,0,0,0,0,0,0,Matches,2bc28bb9
347,Mason Mount,eng ENG,MFFW,Chelsea,22,1999,26.3,111,4.23,72,21,5,8,4,1,15,0.57,9,4,0,1,1,0,Matches,9674002f
348,Lucas Moura,br BRA,FWMF,Tottenham,28,1992,19.7,63,3.19,52,0,3,2,5,1,9,0.46,9,0,0,0,0,0,Matches,2b622f01
349,Jo√£o Moutinho,pt POR,MF,Wolves,34,1986,33,68,2.06,44,18,1,2,0,3,4,0.12,3,1,0,0,0,0,Matches,f5a00fa4
350,Bali Mumba,eng ENG,DF,Norwich City,19,2001,0.5,0,0,0,0,0,0,0,0,0,0,0,0,0,0,0,0,Matches,2d760d7b
351,Jacob Murphy,eng ENG,FWDF,Newcastle Utd,26,1995,16.4,45,2.75,34,2,4,4,1,0,5,0.31,2,0,0,2,1,0,Matches,de112b84
352,Enock Mwepu,zm ZAM,MFFW,Brighton,23,1998,11.1,22,1.99,17,0,0,2,3,0,7,0.63,6,0,0,0,1,0,Matches,1d5cab82
353,Vitaliy Mykolenko,ua UKR,DF,Everton,22,1999,11.7,14,1.19,8,4,0,0,1,1,3,0.26,1,1,0,0,1,0,Matches,30d4a2e5
354,Marvelous Nakamba,zw ZIM,MF,Aston Villa,27,1994,10,6,0.6,5,0,0,0,1,0,0,0,0,0,0,0,0,0,Matches,de5b5570
355,Wilfred Ndidi,ng NGA,MFDF,Leicester City,24,1996,18,14,0.78,9,0,0,3,1,1,2,0.11,1,0,0,1,0,0,Matches,6b47c5db
356,Tanguy Ndombele,fr FRA,MF,Tottenham,24,1996,5.4,13,2.42,10,0,1,1,1,0,1,0.19,1,0,0,0,0,0,Matches,5cdddffa
357,Reiss Nelson,eng ENG,FW,Arsenal,21,1999,0.2,3,13.5,2,0,0,1,0,0,0,0,0,0,0,0,0,0,Matches,c5bdb6e3
358,Pedro Neto,pt POR,FWMF,Wolves,21,2000,5.2,23,4.44,13,4,2,2,2,0,1,0.19,1,0,0,0,0,0,Matches,7ba2eaa9
359,R√∫ben Neves,pt POR,MF,Wolves,24,1997,29.6,55,1.86,45,2,1,3,2,2,3,0.1,3,0,0,0,0,0,Matches,44bfb6c5
360,Jeremy Ngakia,eng ENG,DF,Watford,20,2000,10,12,1.2,8,2,0,1,1,0,1,0.1,1,0,0,0,0,0,Matches,3631ad41
361,Sa√∫l √ë√≠guez,es ESP,MFDF,Chelsea,26,1994,5.3,8,1.5,7,0,0,1,0,0,0,0,0,0,0,0,0,0,Matches,c14bc029
362,Eddie Nketiah,eng ENG,FW,Arsenal,22,1999,9.3,23,2.48,15,0,2,3,1,2,4,0.43,1,0,0,1,0,2,Matches,a53649b7
363,Nicolas Nkoulou,cm CMR,DF,Watford,31,1990,1.9,1,0.54,1,0,0,0,0,0,0,0,0,0,0,0,0,0,Matches,93cf32a8
364,Mark Noble,eng ENG,MF,West Ham,34,1987,3.7,5,1.36,5,0,0,0,0,0,0,0,0,0,0,0,0,0,Matches,ff527768
365,Mathias Normann,no NOR,MF,Norwich City,25,1996,18.3,34,1.86,14,5,5,3,4,3,3,0.16,3,0,0,0,0,0,Matches,8996350d
366,Christian N√∏rgaard,dk DEN,MF,Brentford,27,1994,33.9,49,1.44,43,0,3,1,1,1,6,0.18,5,0,1,0,0,0,Matches,df0a4c90
367,Angelo Ogbonna,it ITA,DF,West Ham,33,1988,10.2,2,0.2,2,0,0,0,0,0,1,0.1,1,0,0,0,0,0,Matches,74b2cd7e
368,Michael Olise,fr FRA,FWMF,Crystal Palace,19,2001,12.7,38,3,32,3,1,1,1,0,7,0.55,6,0,0,1,0,0,Matches,c4486bac
369,Robin Olsen,se SWE,GK,Aston Villa,31,1990,1,1,1,0,1,0,0,0,0,1,1,0,1,0,0,0,0,Matches,e7ee38c3
370,Andrew Omobamidele,ie IRL,DF,Norwich City,19,2002,4.2,0,0,0,0,0,0,0,0,0,0,0,0,0,0,0,0,Matches,c393a6c4
371,Tyler Onyango,eng ENG,MFFW,Everton,18,2003,0.3,0,0,0,0,0,0,0,0,0,0,0,0,0,0,0,0,Matches,d86a1f3e
372,Frank Onyeka,ng NGA,MF,Brentford,23,1998,11.6,17,1.46,11,0,1,1,4,0,1,0.09,0,0,0,0,1,0,Matches,2944f86f
373,Divock Origi,be BEL,FW,Liverpool,26,1995,1.5,2,1.35,1,0,0,1,0,0,2,1.35,1,0,0,1,0,0,Matches,43a166b4
374,Alex Oxlade-Chamberlain,eng ENG,MFFW,Liverpool,27,1993,8.7,21,2.41,17,0,2,0,1,1,1,0.11,1,0,0,0,0,0,Matches,38c7feef
375,Cole Palmer,eng ENG,FWMF,Manchester City,19,2002,1.4,7,5.12,4,0,0,2,1,0,1,0.73,0,0,0,1,0,0,Matches,dc7f8a28
376,Emerson Palmieri,it ITA,DF,Chelsea,26,1994,0.1,0,0,0,0,0,0,0,0,0,0,0,0,0,0,0,0,Matches,e0bc6fdc
377,Thomas Partey,gh GHA,MF,Arsenal,28,1993,22.5,51,2.26,39,0,5,4,3,0,3,0.13,2,0,0,1,0,0,Matches,529f49ab
378,Jo√£o Pedro,br BRA,FWMF,Watford,19,2001,18.3,49,2.68,33,0,7,4,4,1,4,0.22,3,0,0,1,0,0,Matches,e8832875
379,Nicolas P√©p√©,ci CIV,FWMF,Arsenal,26,1995,7.7,28,3.62,15,9,2,2,0,0,4,0.52,2,0,0,2,0,0,Matches,57e3f0c7
380,Ricardo Pereira,pt POR,DF,Leicester City,27,1993,11,23,2.09,19,0,3,0,0,1,6,0.54,4,0,1,0,0,1,Matches,75a72a99
381,Ayoze P√©rez,es ESP,MFFW,Leicester City,28,1993,4.9,18,3.64,14,0,2,1,0,1,2,0.4,2,0,0,0,0,0,Matches,819aa8e7
382,Sonny Perkins,eng ENG,FW,West Ham,17,2004,0,0,0,0,0,0,0,0,0,0,0,0,0,0,0,0,0,Matches,87f12e30
383,Romain Perraud,fr FRA,DF,Southampton,23,1997,18,27,1.5,20,1,2,2,1,1,3,0.17,3,0,0,0,0,0,Matches,6dfd8f05
384,Kalvin Phillips,eng ENG,MF,Leeds United,25,1995,17.7,23,1.3,17,3,0,1,0,2,4,0.23,3,1,0,0,0,0,Matches,4f565d77
385,Jaden Philogene Bidace,eng ENG,FW,Aston Villa,19,2002,0.1,1,18,0,0,0,0,1,0,0,0,0,0,0,0,0,0,Matches,19f4d211
386,Jordan Pickford,eng ENG,GK,Everton,27,1994,35,7,0.2,4,3,0,0,0,0,1,0.03,1,0,0,0,0,0,Matches,4806ec67
387,Erik Pieters,nl NED,DF,Burnley,32,1988,8.1,7,0.86,5,2,0,0,0,0,1,0.12,1,0,0,0,0,0,Matches,1ef37668
388,Ethan Pinnock,jm JAM,DF,Brentford,28,1993,29.9,20,0.67,14,3,0,3,0,0,3,0.1,1,1,0,1,0,0,Matches,e541326e
389,Daniel Podence,pt POR,FWMF,Wolves,25,1995,16.5,62,3.76,48,0,4,5,4,1,4,0.24,3,0,0,1,0,0,Matches,7fcc71d8
390,Paul Pogba,fr FRA,MFFW,Manchester Utd,28,1993,15,51,3.4,40,1,4,1,5,0,11,0.73,10,1,0,0,0,0,Matches,867239d3
391,Nick Pope,eng ENG,GK,Burnley,29,1992,36,8,0.22,5,3,0,0,0,0,0,0,0,0,0,0,0,0,Matches,4b40d9ca
392,Isaac Price,nir NIR,MF,Everton,17,2003,0.2,0,0,0,0,0,0,0,0,0,0,0,0,0,0,0,0,Matches,b9403c99
393,Teemu Pukki,fi FIN,FW,Norwich City,31,1990,36.1,60,1.66,36,0,9,2,11,2,4,0.11,3,0,0,0,1,0,Matches,0745b37d
394,Christian Pulisic,us USA,MFFW,Chelsea,22,1998,14.3,33,2.3,23,0,0,2,5,3,2,0.14,2,0,0,0,0,0,Matches,1bf33a9a
395,Przemys≈Çaw P≈Çacheta,pl POL,FWMF,Norwich City,23,1998,5.6,14,2.5,5,2,2,0,5,0,0,0,0,0,0,0,0,0,Matches,3c33f9d9
396,Jesuran Rak Sakyi,eng ENG,FWMF,Crystal Palace,18,2002,0.9,0,0,0,0,0,0,0,0,0,0,0,0,0,0,0,0,Matches,45685411
397,Aaron Ramsdale,eng ENG,GK,Arsenal,23,1998,34,1,0.03,0,1,0,0,0,0,1,0.03,0,1,0,0,0,0,Matches,466fb2c5
398,Jacob Ramsey,eng ENG,MF,Aston Villa,20,2001,27.4,63,2.3,49,0,3,2,8,1,3,0.11,2,0,0,1,0,0,Matches,1544f145
399,Marcus Rashford,eng ENG,FWMF,Manchester Utd,23,1997,13.7,29,2.11,18,0,4,2,5,0,3,0.22,3,0,0,0,0,0,Matches,a1d5bd30
400,Milot Rashica,xk KVX,FWMF,Norwich City,25,1996,24.8,56,2.26,33,14,2,3,2,2,4,0.16,3,1,0,0,0,0,Matches,6c6a3300
401,David Raya,es ESP,GK,Brentford,25,1995,24,2,0.08,2,0,0,0,0,0,0,0,0,0,0,0,0,0,Matches,98ea5115
402,Nathan Redmond,eng ENG,MFFW,Southampton,27,1994,20.4,66,3.24,53,4,2,4,2,1,8,0.39,6,1,0,0,1,0,Matches,ab651565
403,Sergio Reguil√≥n,es ESP,DF,Tottenham,24,1996,21.3,52,2.44,41,3,3,2,3,0,5,0.23,5,0,0,0,0,0,Matches,3353737a
404,Declan Rice,eng ENG,MF,West Ham,22,1999,35.3,59,1.67,50,1,2,2,1,3,8,0.23,8,0,0,0,0,0,Matches,1c7012b8
405,Taylor Richards,eng ENG,MFFW,Brighton,20,2000,0.3,1,3.6,1,0,0,0,0,0,0,0,0,0,0,0,0,0,Matches,e0243d23
406,Richarlison,br BRA,FWMF,Everton,24,1997,28,62,2.21,43,0,1,7,10,1,8,0.29,4,0,0,3,1,0,Matches,fa031b34
407,Ja√Øro Riedewald,nl NED,MF,Crystal Palace,24,1996,1.3,3,2.29,2,1,0,0,0,0,0,0,0,0,0,0,0,0,Matches,7a1f2c08
408,Matt Ritchie,sct SCO,DF,Newcastle Utd,31,1989,14.9,40,2.69,18,21,0,1,0,0,3,0.2,2,1,0,0,0,0,Matches,71ef519e
409,Connor Roberts,wls WAL,DF,Burnley,25,1995,18.8,22,1.17,17,1,1,1,2,0,1,0.05,1,0,0,0,0,0,Matches,24fae784
410,Tyler Roberts,wls WAL,MFFW,Leeds United,22,1999,11,28,2.55,22,0,2,2,2,0,1,0.09,1,0,0,0,0,0,Matches,6c17e046
411,Andrew Robertson,sct SCO,DF,Liverpool,27,1994,28.2,95,3.37,64,22,3,1,3,2,16,0.57,13,2,1,0,0,0,Matches,2e4f5f03
412,Joe Rodon,wls WAL,DF,Tottenham,23,1997,1,0,0,0,0,0,0,0,0,0,0,0,0,0,0,0,0,Matches,8d62d31a
413,Rodri,es ESP,MF,Manchester City,25,1996,32,75,2.34,63,1,2,5,1,3,3,0.09,3,0,0,0,0,0,Matches,6434f10d
414,Rodrigo,es ESP,MFFW,Leeds United,30,1991,25.2,73,2.9,61,3,2,1,2,4,4,0.16,2,0,1,0,0,1,Matches,1fb1c435
415,Jay Rodriguez,eng ENG,FW,Burnley,32,1989,15.4,24,1.56,15,0,1,6,2,0,3,0.2,2,0,0,1,0,0,Matches,4ab53cdb
416,Mads Roerslev,dk DEN,DF,Brentford,22,1999,13.8,16,1.16,12,0,1,1,2,0,3,0.22,2,0,0,1,0,0,Matches,57c94db2
417,Cristian Romero,ar ARG,DF,Tottenham,23,1998,20.5,17,0.83,14,1,0,0,1,1,2,0.1,1,0,0,0,0,1,Matches,a3d94a58
418,Oriol Romeu,es ESP,MF,Southampton,29,1991,32.1,67,2.09,63,0,1,1,0,2,4,0.12,4,0,0,0,0,0,Matches,4b511457
419,Cristiano Ronaldo,pt POR,FW,Manchester Utd,36,1985,27.3,76,2.79,56,0,9,5,5,1,9,0.33,4,0,2,1,2,0,Matches,dea698d9
420,Salom√≥n Rond√≥n,ve VEN,FW,Everton,31,1989,8.8,17,1.94,13,0,1,2,0,1,1,0.11,1,0,0,0,0,0,Matches,b318a643
421,Danny Rose,eng ENG,DF,Watford,31,1990,7.7,11,1.44,10,1,0,0,0,0,1,0.13,0,1,0,0,0,0,Matches,89d10e53
422,Jon Rowe,eng ENG,FWMF,Norwich City,18,2003,2.5,6,2.42,5,1,0,0,0,0,1,0.4,1,0,0,0,0,0,Matches,8c12f884
423,John Ruddy,eng ENG,GK,Wolves,34,1986,1.5,0,0,0,0,0,0,0,0,0,0,0,0,0,0,0,0,Matches,da8b19e2
424,Antonio R√ºdiger,de GER,DF,Chelsea,28,1993,33.7,39,1.16,34,0,1,2,2,0,8,0.24,5,0,0,1,2,0,Matches,18b896d6
425,Lukas Rupp,de GER,MF,Norwich City,30,1991,8.5,27,3.16,22,0,3,1,1,0,0,0,0,0,0,0,0,0,Matches,3faa1780
426,Jos√© S√°,pt POR,GK,Wolves,28,1993,36.5,4,0.11,3,1,0,0,0,0,1,0.03,0,1,0,0,0,0,Matches,903b6e8b
427,Allan Saint-Maximin,fr FRA,FWMF,Newcastle Utd,24,1997,31.2,114,3.66,74,2,23,5,7,3,9,0.29,7,0,0,1,1,0,Matches,2b16cb1a
428,Romain Sa√Øss,ma MAR,DF,Wolves,31,1990,30.1,15,0.5,14,0,0,1,0,0,0,0,0,0,0,0,0,0,Matches,9fbbcf39
429,Bukayo Saka,eng ENG,FWMF,Arsenal,19,2001,33.1,142,4.29,94,18,12,7,10,1,16,0.48,8,4,0,1,3,0,Matches,bc7dc64d
430,Mohamed Salah,eg EGY,FW,Liverpool,29,1992,30.7,133,4.33,93,0,21,15,3,1,25,0.81,17,0,5,2,1,0,Matches,e342ad68
431,Mohammed Salisu,gh GHA,DF,Southampton,22,1999,33,27,0.82,21,1,0,3,0,2,3,0.09,3,0,0,0,0,0,Matches,0b33f6ad
432,Albert Sambi Lokonga,be BEL,MF,Arsenal,21,1999,12.6,34,2.7,32,0,0,0,1,1,0,0,0,0,0,0,0,0,Matches,1b4f1169
433,Davinson S√°nchez,co COL,DF,Tottenham,25,1996,18.1,16,0.88,15,0,0,1,0,0,1,0.06,1,0,0,0,0,0,Matches,da7b447d
434,Robert S√°nchez,es ESP,GK,Brighton,23,1997,37,4,0.11,4,0,0,0,0,0,0,0,0,0,0,0,0,0,Matches,6a713852
435,Jadon Sancho,eng ENG,FWMF,Manchester Utd,21,2000,21.1,82,3.88,67,3,9,2,1,0,8,0.38,6,0,2,0,0,0,Matches,dbf053da
436,Morgan Sanson,fr FRA,MF,Aston Villa,26,1994,4,3,0.76,2,0,0,0,0,1,0,0,0,0,0,0,0,0,Matches,6e7f1353
437,Samir Santos,br BRA,DF,Watford,26,1994,18.6,4,0.22,3,0,0,1,0,0,0,0,0,0,0,0,0,0,Matches,92b4758e
438,Josh Sargent,us USA,FWMF,Norwich City,21,2000,17.5,26,1.49,18,0,1,3,4,0,2,0.11,1,0,1,0,0,0,Matches,a8d4428b
439,Jeremy Sarmiento,ec ECU,FWMF,Brighton,19,2002,0.5,0,0,0,0,0,0,0,0,0,0,0,0,0,0,0,0,Matches,ac0d576d
440,Ismaila Sarr,sn SEN,FWMF,Watford,23,1998,20.7,44,2.13,34,0,4,0,4,2,3,0.15,3,0,0,0,0,0,Matches,bfdb33aa
441,Malang Sarr,fr FRA,DF,Chelsea,22,1999,6.1,7,1.15,7,0,0,0,0,0,1,0.16,1,0,0,0,0,0,Matches,4315f30d
442,Dane Scarlett,eng ENG,MF,Tottenham,17,2004,0,0,0,0,0,0,0,0,0,0,0,0,0,0,0,0,0,Matches,21945a9e
443,Fabian Sch√§r,ch SUI,DF,Newcastle Utd,29,1991,24,24,1,16,3,2,2,1,0,4,0.17,3,0,1,0,0,0,Matches,c8aa95da
444,Jeffrey Schlupp,gh GHA,MFFW,Crystal Palace,28,1992,20.6,41,1.99,31,0,4,3,3,0,5,0.24,2,0,1,0,2,0,Matches,3312f911
445,Kasper Schmeichel,dk DEN,GK,Leicester City,34,1986,37,5,0.14,5,0,0,0,0,0,2,0.05,2,0,0,0,0,0,Matches,53af52f3
446,Ken Sema,se SWE,MFFW,Watford,27,1993,9.5,20,2.11,8,7,1,0,3,1,0,0,0,0,0,0,0,0,Matches,1770bd68
447,N√©lson Semedo,pt POR,DF,Wolves,27,1993,23.7,37,1.56,29,0,4,2,2,0,1,0.04,1,0,0,0,0,0,Matches,d04b94db
448,Ryan Sessegnon,eng ENG,DF,Tottenham,21,2000,11.6,21,1.81,19,1,1,0,0,0,4,0.34,4,0,0,0,0,0,Matches,6aa3e78b
449,Jamie Shackleton,eng ENG,DFMF,Leeds United,21,1999,7.9,8,1.02,6,1,0,1,0,0,1,0.13,0,0,0,1,0,0,Matches,8d03ca5a
450,Luke Shaw,eng ENG,DF,Manchester Utd,26,1995,17.8,64,3.6,41,21,0,0,0,2,6,0.34,5,1,0,0,0,0,Matches,9c94165b
451,Jonjo Shelvey,eng ENG,MF,Newcastle Utd,29,1992,22,42,1.91,30,8,1,0,0,3,2,0.09,1,0,0,0,0,1,Matches,3727dd3c
452,Shola Shoretire,eng ENG,FW,Manchester Utd,17,2004,0.2,0,0,0,0,0,0,0,0,0,0,0,0,0,0,0,0,Matches,00f0482f
453,Francisco Sierralta,cl CHI,DF,Watford,24,1997,4.7,1,0.21,1,0,0,0,0,0,0,0,0,0,0,0,0,0,Matches,0f933743
454,Bernardo Silva,pt POR,MFFW,Manchester City,26,1994,31.7,127,4,100,3,11,7,6,0,13,0.41,10,1,0,1,1,0,Matches,3eb22ec9
455,F√°bio Silva,pt POR,FW,Wolves,19,2002,6.4,16,2.52,9,0,3,3,0,1,1,0.16,0,0,0,1,0,0,Matches,e7aa9d7c
456,Thiago Silva,br BRA,DF,Chelsea,36,1984,29.4,26,0.88,21,0,0,3,1,1,1,0.03,0,0,0,0,1,0,Matches,86e7deaf
457,Ellis Simms,eng ENG,FW,Everton,20,2001,0.7,1,1.48,1,0,0,0,0,0,0,0,0,0,0,0,0,0,Matches,26d3b5be
458,Moussa Sissoko,fr FRA,MF,Watford,31,1989,35.8,62,1.73,52,0,4,2,1,3,4,0.11,2,0,1,0,0,1,Matches,2acd49b9
459,Oliver Skipp,eng ENG,MF,Tottenham,20,2000,15,22,1.47,21,0,0,0,1,0,3,0.2,3,0,0,0,0,0,Matches,6250083a
460,William Smallbone,ie IRL,MFFW,Southampton,21,2000,1.5,1,0.68,0,1,0,0,0,0,0,0,0,0,0,0,0,0,Matches,5e105217
461,Emile Smith Rowe,eng ENG,MFFW,Arsenal,21,2000,21.3,65,3.05,49,4,5,4,3,0,6,0.28,5,1,0,0,0,0,Matches,17695062
462,C√©dric Soares,pt POR,DF,Arsenal,29,1991,16.5,36,2.18,25,9,0,0,1,1,2,0.12,1,1,0,0,0,0,Matches,839c14e1
463,Tom√°≈° Souƒçek,cz CZE,MF,West Ham,26,1995,34,34,1,29,0,0,3,1,1,4,0.12,4,0,0,0,0,0,Matches,6613c819
464,Boubakary Soumar√©,fr FRA,MF,Leicester City,22,1999,12.2,15,1.23,12,0,2,0,0,1,2,0.16,2,0,0,0,0,0,Matches,ae59b359
465,√áaƒülar S√∂y√ºnc√º,tr TUR,DF,Leicester City,25,1996,27.7,11,0.4,11,0,0,0,0,0,0,0,0,0,0,0,0,0,Matches,21166ff4
466,Tony Springett,eng ENG,FWMF,Norwich City,18,2002,1.6,3,1.91,2,0,0,1,0,0,0,0,0,0,0,0,0,0,Matches,35be8087
467,Jason Steele,eng ENG,GK,Brighton,30,1990,1,0,0,0,0,0,0,0,0,0,0,0,0,0,0,0,0,Matches,28300a16
468,Jed Steer,eng ENG,GK,Aston Villa,28,1992,1,0,0,0,0,0,0,0,0,0,0,0,0,0,0,0,0,Matches,a8a3d139
469,Zack Steffen,us USA,GK,Manchester City,26,1995,1,0,0,0,0,0,0,0,0,0,0,0,0,0,0,0,0,Matches,42130443
470,Dale Stephens,eng ENG,MF,Burnley,32,1989,1.4,2,1.45,1,0,0,0,1,0,0,0,0,0,0,0,0,0,Matches,653ee42d
471,Jack Stephens,eng ENG,DF,Southampton,27,1994,9,6,0.67,5,0,0,0,0,1,0,0,0,0,0,0,0,0,Matches,6adbc307
472,Raheem Sterling,eng ENG,FW,Manchester City,26,1994,23.6,90,3.81,69,1,11,3,5,1,11,0.47,5,0,0,2,4,0,Matches,b400bde0
473,Finley Stevens,wls WAL,DF,Brentford,18,2003,0.2,1,6,1,0,0,0,0,0,0,0,0,0,0,0,0,0,Matches,7e003182
474,John Stones,eng ENG,DF,Manchester City,27,1994,12.4,14,1.13,12,1,0,1,0,0,1,0.08,0,0,0,1,0,0,Matches,5eecec3d
475,Pascal Struijk,nl NED,DF,Leeds United,21,1999,22.8,19,0.83,13,0,0,2,1,3,2,0.09,0,0,0,1,0,1,Matches,f4d296e4
476,Crysencio Summerville,nl NED,MFFW,Leeds United,19,2001,1.4,2,1.38,2,0,0,0,0,0,0,0,0,0,0,0,0,0,Matches,df04eb4b
477,Jakob S√∏rensen,dk DEN,MFDF,Norwich City,23,1998,6.7,2,0.3,1,0,0,0,0,1,0,0,0,0,0,0,0,0,Matches,953c30b0
478,Japhet Tanganga,eng ENG,DF,Tottenham,22,1999,8.2,3,0.37,2,0,0,1,0,0,0,0,0,0,0,0,0,0,Matches,e9971f2d
479,Matt Targett,eng ENG,DF,Aston Villa,25,1995,15.9,27,1.7,22,5,0,0,0,0,1,0.06,1,0,0,0,0,0,Matches,e514ab62
480,Matt Targett,eng ENG,DF,Newcastle Utd,25,1995,16,34,2.12,15,14,0,1,4,0,1,0.06,0,1,0,0,0,0,Matches,e514ab62
481,James Tarkowski,eng ENG,DF,Burnley,28,1992,34.5,23,0.67,20,0,0,2,0,1,2,0.06,2,0,0,0,0,0,Matches,15ea812b
482,Nuno Tavares,pt POR,DF,Arsenal,21,2000,13.1,26,1.99,18,0,3,1,2,2,3,0.23,2,0,0,1,0,0,Matches,a65c844b
483,Charlie Taylor,eng ENG,DF,Burnley,27,1993,30.3,41,1.35,32,2,1,0,6,0,6,0.2,4,1,0,0,1,0,Matches,cc2d7ad5
484,Nathan Tella,eng ENG,MFFW,Southampton,22,1999,8.9,18,2.01,12,0,2,0,4,0,3,0.34,2,0,0,0,1,0,Matches,f1e94cd6
485,Alex Telles,br BRA,DF,Manchester Utd,28,1992,18.4,45,2.44,24,18,0,1,1,1,5,0.27,0,4,0,0,1,0,Matches,e73c9bb2
486,Luke Thomas,eng ENG,DF,Leicester City,20,2001,21.2,20,0.94,14,4,0,1,0,1,1,0.05,1,0,0,0,0,0,Matches,fc027d02
487,Dominic Thompson,eng ENG,DF,Brentford,21,2000,1.6,1,0.62,0,1,0,0,0,0,0,0,0,0,0,0,0,0,Matches,235a62f8
488,Youri Tielemans,be BEL,MF,Leicester City,24,1997,29.2,84,2.87,65,4,4,4,2,5,12,0.41,10,0,0,1,0,1,Matches,56f7a928
489,Kieran Tierney,sct SCO,DF,Arsenal,24,1997,21.3,38,1.79,33,2,1,1,1,0,3,0.14,3,0,0,0,0,0,Matches,fce2302c
490,Takehiro Tomiyasu,jp JPN,DF,Arsenal,22,1998,18.7,30,1.61,25,1,0,0,0,4,4,0.21,3,0,0,0,0,1,Matches,b3af9be1
491,James Tomkins,eng ENG,DF,Crystal Palace,32,1989,6.1,3,0.49,3,0,0,0,0,0,0,0,0,0,0,0,0,0,Matches,e7ca0439
492,Ivan Toney,eng ENG,FW,Brentford,25,1996,32.3,80,2.48,53,1,4,9,11,2,10,0.31,6,0,1,0,3,0,Matches,e09f279b
493,Ferr√°n Torres,es ESP,FW,Manchester City,21,2000,3.4,5,1.49,4,0,0,1,0,0,2,0.59,2,0,0,0,0,0,Matches,9e1035f8
494,Cenk Tosun,tr TUR,FW,Everton,30,1991,0.1,0,0,0,0,0,0,0,0,0,0,0,0,0,0,0,0,Matches,9a104dee
495,Andros Townsend,eng ENG,MF,Everton,30,1991,16.2,54,3.34,38,8,1,2,4,1,4,0.25,4,0,0,0,0,0,Matches,b28bbd58
496,Adama Traor√©,es ESP,FW,Wolves,25,1996,11.9,50,4.22,30,0,12,0,6,2,2,0.17,1,0,0,0,1,0,Matches,9a28eba4
497,Bertrand Traor√©,bf BFA,MFFW,Aston Villa,25,1995,2.4,11,4.5,6,0,3,1,1,0,2,0.82,0,0,1,0,1,0,Matches,c47541e0
498,Tr√©z√©guet,eg EGY,FW,Aston Villa,26,1994,0.1,0,0,0,0,0,0,0,0,0,0,0,0,0,0,0,0,Matches,3ae14ed1
499,Francisco Trinc√£o,pt POR,FWMF,Wolves,21,1999,14.8,39,2.63,24,3,9,0,2,1,2,0.13,2,0,0,0,0,0,Matches,77e39b04
500,Kieran Trippier,eng ENG,DF,Newcastle Utd,30,1990,4.8,9,1.89,1,8,0,0,0,0,1,0.21,1,0,0,0,0,0,Matches,21512407
501,William Troost-Ekong,ng NGA,DF,Watford,27,1993,15.4,4,0.26,3,0,0,0,0,1,0,0,0,0,0,0,0,0,Matches,7ed4921e
502,Leandro Trossard,be BEL,FWMF,Brighton,26,1994,31.2,91,2.92,65,4,15,4,3,0,10,0.32,6,1,2,0,1,0,Matches,38ceb24a
503,Kostas Tsimikas,gr GRE,DF,Liverpool,25,1996,9.7,37,3.8,24,13,0,0,0,0,3,0.31,2,1,0,0,0,0,Matches,f315ca93
504,Axel Tuanzebe,eng ENG,DF,Aston Villa,23,1997,5.6,1,0.18,1,0,0,0,0,0,0,0,0,0,0,0,0,0,Matches,2baec6ce
505,Ozan Tufan,tr TUR,MF,Watford,26,1995,3.7,7,1.89,6,1,0,0,0,0,0,0,0,0,0,0,0,0,Matches,17d45fb2
506,Christos Tzolis,gr GRE,FWMF,Norwich City,19,2002,3.7,11,2.95,11,0,0,0,0,0,0,0,0,0,0,0,0,0,Matches,9f333379
507,Yan Valery,fr FRA,DF,Southampton,22,1999,4.1,1,0.24,1,0,0,0,0,0,0,0,0,0,0,0,0,0,Matches,531a4aa8
508,Rapha√´l Varane,fr FRA,DF,Manchester Utd,28,1993,20.3,10,0.49,9,0,0,0,0,1,2,0.1,2,0,0,0,0,0,Matches,9f8e9423
509,Jamie Vardy,eng ENG,FW,Leicester City,34,1987,20.1,38,1.89,30,0,2,3,1,2,5,0.25,2,0,2,1,0,0,Matches,45963054
510,Jo√´l Veltman,nl NED,DF,Brighton,29,1992,31.9,36,1.13,29,2,1,1,2,1,2,0.06,2,0,0,0,0,0,Matches,dad4b285
511,Jannik Vestergaard,dk DEN,DF,Leicester City,28,1992,6.3,3,0.48,3,0,0,0,0,0,0,0,0,0,0,0,0,0,Matches,1900032e
512,Nikola Vla≈°iƒá,hr CRO,FWMF,West Ham,23,1997,6.2,18,2.89,14,0,2,0,2,0,0,0,0,0,0,0,0,0,Matches,aa8e289e
513,Matƒõj Vydra,cz CZE,FW,Burnley,29,1992,7.5,12,1.59,11,0,0,0,1,0,3,0.4,3,0,0,0,0,0,Matches,0d4ceb32
514,Theo Walcott,eng ENG,MFFW,Southampton,32,1989,4.2,4,0.95,4,0,0,0,0,0,1,0.24,1,0,0,0,0,0,Matches,1ecb65be
515,Kyle Walker,eng ENG,DF,Manchester City,31,1990,19.5,36,1.85,32,0,0,1,3,0,5,0.26,4,0,0,0,1,0,Matches,86dd77d1
516,Kyle Walker-Peters,eng ENG,DF,Southampton,24,1997,29.3,61,2.09,42,0,6,3,7,3,8,0.27,5,0,0,0,2,1,Matches,984a5a64
517,Aaron Wan-Bissaka,eng ENG,DF,Manchester Utd,23,1997,19.9,31,1.56,25,0,3,1,1,1,1,0.05,1,0,0,0,0,0,Matches,9e525177
518,Danny Ward,wls WAL,GK,Leicester City,28,1993,1,1,1,1,0,0,0,0,0,1,1,1,0,0,0,0,0,Matches,d3ce0e89
519,Joel Ward,eng ENG,DF,Crystal Palace,31,1989,27.6,16,0.58,14,2,0,0,0,0,2,0.07,2,0,0,0,0,0,Matches,8a7ff278
520,James Ward-Prowse,eng ENG,MF,Southampton,26,1994,35.7,113,3.16,55,51,0,3,1,3,7,0.2,3,4,0,0,0,0,Matches,3515d404
521,Ollie Watkins,eng ENG,FW,Aston Villa,25,1995,32.8,72,2.2,51,0,6,7,4,4,8,0.24,3,0,1,2,2,0,Matches,aed3a70f
522,Adam Webster,eng ENG,DF,Brighton,26,1995,15.9,10,0.63,10,0,0,0,0,0,1,0.06,1,0,0,0,0,0,Matches,c40b6180
523,Wout Weghorst,nl NED,FW,Burnley,28,1992,16.1,28,1.74,20,0,3,1,3,1,5,0.31,4,0,1,0,0,0,Matches,c4e87b8b
524,Danny Welbeck,eng ENG,FW,Brighton,30,1990,16.4,36,2.19,27,0,0,4,5,0,4,0.24,2,0,0,1,1,0,Matches,ce5143da
525,Timo Werner,de GER,FWMF,Chelsea,25,1996,14.3,26,1.82,19,0,4,3,0,0,4,0.28,3,0,0,1,0,0,Matches,49fe9070
526,Ashley Westwood,eng ENG,MF,Burnley,31,1990,25.4,55,2.16,33,17,1,2,1,1,7,0.28,5,2,0,0,0,0,Matches,495945ef
527,Ben White,eng ENG,DF,Arsenal,23,1997,32,25,0.78,18,1,0,4,1,1,1,0.03,1,0,0,0,0,0,Matches,35e413f1
528,Brandon Williams,eng ENG,DF,Norwich City,20,2000,23.6,31,1.32,27,0,0,0,3,1,2,0.08,1,0,0,0,0,1,Matches,5e74d6c8
529,Neco Williams,wls WAL,DF,Liverpool,20,2001,0.1,2,22.5,1,0,1,0,0,0,2,22.5,1,0,1,0,0,0,Matches,dd323728
530,Joe Willock,eng ENG,MF,Newcastle Utd,21,1999,22.6,46,2.03,29,0,9,1,5,2,4,0.18,1,0,1,0,2,0,Matches,a3b03921
531,Callum Wilson,eng ENG,FW,Newcastle Utd,29,1992,15.4,20,1.3,18,0,0,1,0,1,0,0,0,0,0,0,0,0,Matches,c596fcb0
532,Harry Winks,eng ENG,MF,Tottenham,25,1996,10.1,23,2.27,17,3,1,0,2,0,4,0.39,4,0,0,0,0,0,Matches,2f7acede
533,Yoane Wissa,cd COD,FWMF,Brentford,24,1996,14.3,19,1.33,13,0,1,1,4,0,4,0.28,2,0,0,1,1,0,Matches,2500cef9
534,Chris Wood,nz NZL,FW,Burnley,29,1991,15.2,21,1.38,16,0,1,2,2,0,2,0.13,2,0,0,0,0,0,Matches,4e9a0555
535,Chris Wood,nz NZL,FW,Newcastle Utd,29,1991,14.7,21,1.42,16,0,2,2,1,0,2,0.14,1,0,0,0,1,0,Matches,4e9a0555
536,Freddie Woodman,eng ENG,GK,Newcastle Utd,24,1997,4,0,0,0,0,0,0,0,0,0,0,0,0,0,0,0,0,Matches,19e50035
537,Granit Xhaka,ch SUI,MFDF,Arsenal,28,1992,25.9,79,3.06,72,2,2,1,0,2,3,0.12,3,0,0,0,0,0,Matches,e61b8aee
538,Andriy Yarmolenko,ua UKR,FW,West Ham,31,1989,3.5,7,1.99,4,0,2,1,0,0,0,0,0,0,0,0,0,0,Matches,849c826a
539,Ashley Young,eng ENG,DFFW,Aston Villa,36,1985,13.9,22,1.58,16,3,1,0,1,1,4,0.29,2,1,1,0,0,0,Matches,be927d03
540,Nathan Young-Coombes,eng ENG,FW,Brentford,18,2003,0,0,0,0,0,0,0,0,0,0,0,0,0,0,0,0,0,Matches,f9682888
541,Wilfried Zaha,ci CIV,FW,Crystal Palace,28,1992,30.7,104,3.39,73,0,14,8,8,1,12,0.39,6,0,3,2,1,0,Matches,b2bc3b1f
542,Christoph Zimmermann,de GER,DF,Norwich City,28,1993,1.7,0,0,0,0,0,0,0,0,0,0,0,0,0,0,0,0,Matches,2d5f03bf
543,Oleksandr Zinchenko,ua UKR,DF,Manchester City,24,1996,11.6,42,3.61,33,4,2,1,1,1,10,0.86,7,0,1,1,0,1,Matches,51cf8561
544,Hakim Ziyech,ma MAR,FWMF,Chelsea,28,1993,14.7,64,4.37,45,5,6,4,3,1,7,0.48,6,0,1,0,0,0,Matches,6622454d
545,Kurt Zouma,fr FRA,DF,West Ham,26,1994,23.1,6,0.26,5,0,0,1,0,0,0,0,0,0,0,0,0,0,Matches,ce4246f5
546,Martin √òdegaard,no NOR,MF,Arsenal,22,1998,30.9,134,4.33,105,13,6,7,2,1,12,0.39,12,0,0,0,0,0,Matches,79300479